genome,score,completeness,contamination,strain_heterogeneity,size,N50,cluster,taxonomy,tax_confidence,cluster_members,closest_cluster_member,furthest_cluster_member,completeness_metric,contamination_metric
TOBG_SAT-176.fna,57.275766916522336,NA,NA,NA,NA,NA,1_0,NA,NA,1,NA,NA,NA,NA
TOBG_SP-4038.fna,65.57090578369537,NA,NA,NA,NA,NA,2_0,NA,NA,1,NA,NA,NA,NA
TOBG_NAT-124.fna,67.96940129768737,NA,NA,NA,NA,NA,3_0,NA,NA,1,NA,NA,NA,NA
TOBG_SP-109.fna,65.15967397040852,NA,NA,NA,NA,NA,4_0,NA,NA,1,NA,NA,NA,NA
TOBG_RS-817.fna,82.64328248196583,NA,NA,NA,NA,NA,5_1,NA,NA,4,97.85,95.94,NA,NA
TOBG_EAC-2021.fna,68.92253549513954,NA,NA,NA,NA,NA,6_1,NA,NA,3,98.48,98.06,NA,NA
TOBG_SAT-1449.fna,60.38326604520409,NA,NA,NA,NA,NA,7_0,NA,NA,1,NA,NA,NA,NA
TOBG_NAT-168.fna,75.53010488508103,NA,NA,NA,NA,NA,8_0,NA,NA,1,NA,NA,NA,NA
TOBG_SAT-213.fna,69.81288850200875,NA,NA,NA,NA,NA,9_0,NA,NA,1,NA,NA,NA,NA
TOBG_CPC-71.fna,93.42698021258128,NA,NA,NA,NA,NA,10_1,NA,NA,2,99.99,99.99,NA,NA
TOBG_IN-13.fna,88.46261598606876,NA,NA,NA,NA,NA,11_1,NA,NA,3,99.89,99.79,NA,NA
TOBG_SP-119.fna,75.91310809926553,NA,NA,NA,NA,NA,12_0,NA,NA,1,NA,NA,NA,NA
TOBG_NP-5.fna,76.81222047455375,NA,NA,NA,NA,NA,13_1,NA,NA,2,98.38,98.38,NA,NA
TOBG_SAT-227.fna,59.14169950185518,NA,NA,NA,NA,NA,14_0,NA,NA,1,NA,NA,NA,NA
TOBG_ARS-1168.fna,76.74343666786244,NA,NA,NA,NA,NA,15_0,NA,NA,1,NA,NA,NA,NA
TOBG_NP-77.fna,77.78810055122703,NA,NA,NA,NA,NA,16_0,NA,NA,1,NA,NA,NA,NA
TOBG_ARS-1330.fna,81.91144499407663,NA,NA,NA,NA,NA,17_0,NA,NA,1,NA,NA,NA,NA
TOBG_NAT-117.fna,90.1446113484802,NA,NA,NA,NA,NA,18_0,NA,NA,1,NA,NA,NA,NA
TOBG_NAT-290.fna,96.27381458136075,NA,NA,NA,NA,NA,19_0,NA,NA,1,NA,NA,NA,NA
TOBG_RS-363.fna,84.65062270395275,NA,NA,NA,NA,NA,20_0,NA,NA,1,NA,NA,NA,NA
TOBG_RS-415.fna,69.60783875028346,NA,NA,NA,NA,NA,21_0,NA,NA,1,NA,NA,NA,NA
TOBG_MED-632.fna,74.65416052663105,NA,NA,NA,NA,NA,22_1,NA,NA,2,96.79,96.79,NA,NA
TOBG_NP-79.fna,78.73515485415058,NA,NA,NA,NA,NA,23_0,NA,NA,1,NA,NA,NA,NA
TOBG_IN-47.fna,67.80458149968247,NA,NA,NA,NA,NA,24_0,NA,NA,1,NA,NA,NA,NA
TOBG_NP-122.fna,79.60494966239011,NA,NA,NA,NA,NA,25_0,NA,NA,1,NA,NA,NA,NA
TOBG_SAT-1331.fna,54.37186023018765,NA,NA,NA,NA,NA,26_0,NA,NA,1,NA,NA,NA,NA
TOBG_ARS-46.fna,62.40030923744799,NA,NA,NA,NA,NA,27_0,NA,NA,1,NA,NA,NA,NA
TOBG_NP-54.fna,62.90953681482057,NA,NA,NA,NA,NA,28_0,NA,NA,1,NA,NA,NA,NA
TOBG_SP-340.fna,70.05780656137539,NA,NA,NA,NA,NA,29_1,NA,NA,2,99.36,99.36,NA,NA
TOBG_NP-138.fna,72.22785849411041,NA,NA,NA,NA,NA,30_0,NA,NA,1,NA,NA,NA,NA
TOBG_NAT-225.fna,61.286328025415145,NA,NA,NA,NA,NA,31_0,NA,NA,1,NA,NA,NA,NA
TOBG_RS-464.fna,70.26476574763988,NA,NA,NA,NA,NA,32_0,NA,NA,1,NA,NA,NA,NA
TOBG_SP-183.fna,66.66563936774467,NA,NA,NA,NA,NA,33_0,NA,NA,1,NA,NA,NA,NA
TOBG_ARS-81.fna,63.30199391487423,NA,NA,NA,NA,NA,34_0,NA,NA,1,NA,NA,NA,NA
TOBG_SP-274.fna,76.44421159679322,NA,NA,NA,NA,NA,35_0,NA,NA,1,NA,NA,NA,NA
TOBG_CPC-1.fna,74.4548469348639,NA,NA,NA,NA,NA,36_0,NA,NA,1,NA,NA,NA,NA
TOBG_ARS-1360.fna,86.18102064931605,NA,NA,NA,NA,NA,37_0,NA,NA,1,NA,NA,NA,NA
TOBG_MED-609.fna,78.47632432951673,NA,NA,NA,NA,NA,38_0,NA,NA,1,NA,NA,NA,NA
TOBG_NAT-2.fna,65.50333996338058,NA,NA,NA,NA,NA,39_0,NA,NA,1,NA,NA,NA,NA
TOBG_SAT-177.fna,93.22741478097556,NA,NA,NA,NA,NA,40_0,NA,NA,1,NA,NA,NA,NA
TOBG_NP-973.fna,53.23427618564378,NA,NA,NA,NA,NA,41_0,NA,NA,1,NA,NA,NA,NA
TOBG_SP-334.fna,87.22768416748895,NA,NA,NA,NA,NA,42_0,NA,NA,1,NA,NA,NA,NA
TOBG_ARS-66.fna,64.29666317020174,NA,NA,NA,NA,NA,43_0,NA,NA,1,NA,NA,NA,NA
TOBG_SP-3084.fna,66.44427711407516,NA,NA,NA,NA,NA,44_0,NA,NA,1,NA,NA,NA,NA
TOBG_ARS-120.fna,47.27105906684728,NA,NA,NA,NA,NA,45_0,NA,NA,1,NA,NA,NA,NA
TOBG_NP-36.fna,66.08851599281302,NA,NA,NA,NA,NA,46_0,NA,NA,1,NA,NA,NA,NA
TOBG_NP-85.fna,76.22570035358558,NA,NA,NA,NA,NA,47_0,NA,NA,1,NA,NA,NA,NA
TOBG_NP-951.fna,59.83769023376372,NA,NA,NA,NA,NA,48_0,NA,NA,1,NA,NA,NA,NA
TOBG_SP-4225.fna,67.13611274308322,NA,NA,NA,NA,NA,49_0,NA,NA,1,NA,NA,NA,NA
TOBG_MED-694.fna,80.64648360319357,NA,NA,NA,NA,NA,50_0,NA,NA,1,NA,NA,NA,NA
TOBG_SAT-152.fna,90.85542904950346,NA,NA,NA,NA,NA,51_0,NA,NA,1,NA,NA,NA,NA
TOBG_NAT-185.fna,72.63476519037451,NA,NA,NA,NA,NA,52_0,NA,NA,1,NA,NA,NA,NA
TOBG_SP-112.fna,84.12212830060079,NA,NA,NA,NA,NA,53_1,NA,NA,2,99.63,99.63,NA,NA
TOBG_NP-124.fna,55.434892847008285,NA,NA,NA,NA,NA,54_0,NA,NA,1,NA,NA,NA,NA
TOBG_NP-6.fna,86.34027097500827,NA,NA,NA,NA,NA,55_0,NA,NA,1,NA,NA,NA,NA
TOBG_NP-4.fna,85.45768203445907,NA,NA,NA,NA,NA,56_0,NA,NA,1,NA,NA,NA,NA
TOBG_SP-311.fna,86.28431709302602,NA,NA,NA,NA,NA,57_1,NA,NA,3,97.32,97.28,NA,NA
TOBG_NP-105.fna,71.29909795418807,NA,NA,NA,NA,NA,58_1,NA,NA,2,97.47,97.47,NA,NA
TOBG_SP-3003.fna,51.69697910651577,NA,NA,NA,NA,NA,59_0,NA,NA,1,NA,NA,NA,NA
TOBG_SP-191.fna,66.46468172109735,NA,NA,NA,NA,NA,60_0,NA,NA,1,NA,NA,NA,NA
TOBG_SP-4379.fna,92.1176045425459,NA,NA,NA,NA,NA,61_1,NA,NA,2,97.75,97.75,NA,NA
TOBG_SAT-1369.fna,46.21529816775038,NA,NA,NA,NA,NA,62_0,NA,NA,1,NA,NA,NA,NA
TOBG_RS-458.fna,63.64486409078494,NA,NA,NA,NA,NA,63_1,NA,NA,2,97.67,97.67,NA,NA
TOBG_SP-2970.fna,41.12811854915162,NA,NA,NA,NA,NA,63_2,NA,NA,1,NA,NA,NA,NA
TOBG_SP-204.fna,64.18712781045069,NA,NA,NA,NA,NA,64_0,NA,NA,1,NA,NA,NA,NA
TOBG_RS-381.fna,78.03703461373544,NA,NA,NA,NA,NA,65_1,NA,NA,1,NA,NA,NA,NA
TOBG_SP-3013.fna,56.66225661634907,NA,NA,NA,NA,NA,65_2,NA,NA,1,NA,NA,NA,NA
TOBG_NP-954.fna,57.42589892081914,NA,NA,NA,NA,NA,66_0,NA,NA,1,NA,NA,NA,NA
TOBG_SAT-1359.fna,60.055160533070826,NA,NA,NA,NA,NA,67_0,NA,NA,1,NA,NA,NA,NA
TOBG_ARS-4.fna,79.93274449938873,NA,NA,NA,NA,NA,68_0,NA,NA,1,NA,NA,NA,NA
TOBG_MED-841.fna,62.31660896709952,NA,NA,NA,NA,NA,69_0,NA,NA,1,NA,NA,NA,NA
TOBG_SAT-33.fna,71.43121063698784,NA,NA,NA,NA,NA,70_0,NA,NA,1,NA,NA,NA,NA
TOBG_NAT-141.fna,82.0864987296542,NA,NA,NA,NA,NA,71_0,NA,NA,1,NA,NA,NA,NA
TOBG_EAC-75.fna,66.31761948765532,NA,NA,NA,NA,NA,72_0,NA,NA,1,NA,NA,NA,NA
TOBG_MED-830.fna,62.942970678276005,NA,NA,NA,NA,NA,73_0,NA,NA,1,NA,NA,NA,NA
TOBG_ARS-11.fna,68.36660541622807,NA,NA,NA,NA,NA,74_0,NA,NA,1,NA,NA,NA,NA
TOBG_MED-752.fna,81.66710609811506,NA,NA,NA,NA,NA,75_0,NA,NA,1,NA,NA,NA,NA
TOBG_ARS-33.fna,79.02058824997053,NA,NA,NA,NA,NA,76_0,NA,NA,1,NA,NA,NA,NA
TOBG_SP-4369.fna,79.79693248390552,NA,NA,NA,NA,NA,77_0,NA,NA,1,NA,NA,NA,NA
TOBG_CPC-73.fna,85.51221753526752,NA,NA,NA,NA,NA,78_0,NA,NA,1,NA,NA,NA,NA
TOBG_CPC-75.fna,69.85254355996436,NA,NA,NA,NA,NA,79_0,NA,NA,1,NA,NA,NA,NA
TOBG_ARS-34.fna,74.61702492096866,NA,NA,NA,NA,NA,80_0,NA,NA,1,NA,NA,NA,NA
TOBG_SP-15.fna,75.54059333573544,NA,NA,NA,NA,NA,81_0,NA,NA,1,NA,NA,NA,NA
TOBG_NAT-129.fna,80.641817705799,NA,NA,NA,NA,NA,82_1,NA,NA,2,99.93,99.93,NA,NA
TOBG_NAT-130.fna,73.53510642744811,NA,NA,NA,NA,NA,83_0,NA,NA,1,NA,NA,NA,NA
TOBG_SAT-114.fna,74.1934199746422,NA,NA,NA,NA,NA,84_0,NA,NA,1,NA,NA,NA,NA
TOBG_SAT-3021.fna,70.06120955427055,NA,NA,NA,NA,NA,85_0,NA,NA,1,NA,NA,NA,NA
TOBG_RS-386.fna,84.15085421044571,NA,NA,NA,NA,NA,86_1,NA,NA,1,NA,NA,NA,NA
TOBG_SAT-126.fna,67.03338294477037,NA,NA,NA,NA,NA,86_2,NA,NA,1,NA,NA,NA,NA
TOBG_MED-778.fna,74.68390276613532,NA,NA,NA,NA,NA,87_0,NA,NA,1,NA,NA,NA,NA
TOBG_NAT-22.fna,66.83803870996863,NA,NA,NA,NA,NA,88_0,NA,NA,1,NA,NA,NA,NA
TOBG_SP-10.fna,93.85039045741512,NA,NA,NA,NA,NA,89_0,NA,NA,1,NA,NA,NA,NA
TOBG_SAT-162.fna,78.699725703806,NA,NA,NA,NA,NA,90_1,NA,NA,2,98.73,98.73,NA,NA
TOBG_ARS-1032.fna,60.45221325507087,NA,NA,NA,NA,NA,91_0,NA,NA,1,NA,NA,NA,NA
TOBG_NP-113.fna,73.70566985198256,NA,NA,NA,NA,NA,92_0,NA,NA,1,NA,NA,NA,NA
TOBG_ARS-76.fna,83.92251643506665,NA,NA,NA,NA,NA,93_0,NA,NA,1,NA,NA,NA,NA
TOBG_IN-921.fna,56.46964736087673,NA,NA,NA,NA,NA,94_0,NA,NA,1,NA,NA,NA,NA
TOBG_NP-117.fna,93.1547468566075,NA,NA,NA,NA,NA,95_0,NA,NA,1,NA,NA,NA,NA
TOBG_NP-81.fna,60.28354009421818,NA,NA,NA,NA,NA,96_0,NA,NA,1,NA,NA,NA,NA
TOBG_IN-42.fna,88.3430199282849,NA,NA,NA,NA,NA,97_0,NA,NA,1,NA,NA,NA,NA
TOBG_CPC-96.fna,77.49578196003517,NA,NA,NA,NA,NA,98_0,NA,NA,1,NA,NA,NA,NA
TOBG_SP-4366.fna,53.27337082708956,NA,NA,NA,NA,NA,99_0,NA,NA,1,NA,NA,NA,NA
TOBG_NP-37.fna,75.87059754827555,NA,NA,NA,NA,NA,100_0,NA,NA,1,NA,NA,NA,NA
TOBG_EAC-43.fna,72.09711827647725,NA,NA,NA,NA,NA,101_1,NA,NA,2,99.96,99.96,NA,NA
TOBG_SAT-56.fna,84.97649188140849,NA,NA,NA,NA,NA,102_0,NA,NA,1,NA,NA,NA,NA
TOBG_SP-121.fna,68.80812798078234,NA,NA,NA,NA,NA,103_0,NA,NA,1,NA,NA,NA,NA
TOBG_SP-110.fna,95.31845242566824,NA,NA,NA,NA,NA,104_0,NA,NA,1,NA,NA,NA,NA
TOBG_CPC-297.fna,58.95984079583118,NA,NA,NA,NA,NA,105_0,NA,NA,1,NA,NA,NA,NA
TOBG_MED-708.fna,75.21138678503735,NA,NA,NA,NA,NA,106_0,NA,NA,1,NA,NA,NA,NA
TOBG_CPC-85.fna,81.87326898051575,NA,NA,NA,NA,NA,107_0,NA,NA,1,NA,NA,NA,NA
TOBG_CPC-29.fna,71.64614430628406,NA,NA,NA,NA,NA,108_0,NA,NA,1,NA,NA,NA,NA
TOBG_SP-137.fna,80.57085048758344,NA,NA,NA,NA,NA,109_0,NA,NA,1,NA,NA,NA,NA
TOBG_SP-4365.fna,85.53113295573004,NA,NA,NA,NA,NA,110_0,NA,NA,1,NA,NA,NA,NA
TOBG_CPC-86.fna,53.982093998197634,NA,NA,NA,NA,NA,111_0,NA,NA,1,NA,NA,NA,NA
TOBG_SP-96.fna,63.079903226809805,NA,NA,NA,NA,NA,112_0,NA,NA,1,NA,NA,NA,NA
TOBG_MED-580.fna,62.11753208216562,NA,NA,NA,NA,NA,113_0,NA,NA,1,NA,NA,NA,NA
TOBG_MED-671.fna,89.60238678574964,NA,NA,NA,NA,NA,114_0,NA,NA,1,NA,NA,NA,NA
TOBG_MED-608.fna,68.85502140013212,NA,NA,NA,NA,NA,115_0,NA,NA,1,NA,NA,NA,NA
TOBG_SP-135.fna,92.87739950684406,NA,NA,NA,NA,NA,116_0,NA,NA,1,NA,NA,NA,NA
TOBG_NAT-13.fna,78.35093300738487,NA,NA,NA,NA,NA,117_1,NA,NA,2,98.11,98.11,NA,NA
TOBG_MED-660.fna,82.3986822508304,NA,NA,NA,NA,NA,118_0,NA,NA,1,NA,NA,NA,NA
TOBG_NAT-19.fna,92.2531470493352,NA,NA,NA,NA,NA,119_1,NA,NA,2,99.85,99.85,NA,NA
TOBG_MED-719.fna,76.79942261499421,NA,NA,NA,NA,NA,120_0,NA,NA,1,NA,NA,NA,NA
TOBG_SP-5.fna,84.99833628635633,NA,NA,NA,NA,NA,121_0,NA,NA,1,NA,NA,NA,NA
TOBG_NAT-131.fna,74.37960810969686,NA,NA,NA,NA,NA,122_0,NA,NA,1,NA,NA,NA,NA
TOBG_NAT-8.fna,66.23310431930736,NA,NA,NA,NA,NA,123_0,NA,NA,1,NA,NA,NA,NA
TOBG_EAC-647.fna,65.37641435912843,NA,NA,NA,NA,NA,124_0,NA,NA,1,NA,NA,NA,NA
TOBG_NAT-178.fna,84.39854785862507,NA,NA,NA,NA,NA,125_0,NA,NA,1,NA,NA,NA,NA
TOBG_SP-161.fna,78.03147097089577,NA,NA,NA,NA,NA,126_0,NA,NA,1,NA,NA,NA,NA
TOBG_RS-383.fna,69.918254564171,NA,NA,NA,NA,NA,127_0,NA,NA,1,NA,NA,NA,NA
TOBG_RS-395.fna,82.80346125473453,NA,NA,NA,NA,NA,128_0,NA,NA,1,NA,NA,NA,NA
TOBG_NP-87.fna,89.69745758628572,NA,NA,NA,NA,NA,129_0,NA,NA,1,NA,NA,NA,NA
TOBG_ARS-63.fna,73.31368564382373,NA,NA,NA,NA,NA,130_0,NA,NA,1,NA,NA,NA,NA
TOBG_CPC-51.fna,83.31886215335675,NA,NA,NA,NA,NA,131_0,NA,NA,1,NA,NA,NA,NA
TOBG_NP-109.fna,84.33247496702491,NA,NA,NA,NA,NA,132_0,NA,NA,1,NA,NA,NA,NA
TOBG_NP-33.fna,73.18661207911212,NA,NA,NA,NA,NA,133_0,NA,NA,1,NA,NA,NA,NA
TOBG_SAT-52.fna,84.52905052914619,NA,NA,NA,NA,NA,134_0,NA,NA,1,NA,NA,NA,NA
TOBG_NAT-253.fna,53.38140978226164,NA,NA,NA,NA,NA,135_0,NA,NA,1,NA,NA,NA,NA
TOBG_NAT-7.fna,54.4120002057199,NA,NA,NA,NA,NA,136_0,NA,NA,1,NA,NA,NA,NA
TOBG_NAT-239.fna,68.82242200966856,NA,NA,NA,NA,NA,137_0,NA,NA,1,NA,NA,NA,NA
TOBG_NP-52.fna,81.21072243754769,NA,NA,NA,NA,NA,138_1,NA,NA,2,98.11,98.11,NA,NA
TOBG_RS-404.fna,79.11069736043488,NA,NA,NA,NA,NA,138_2,NA,NA,3,95.54,94.85,NA,NA
TOBG_NP-25.fna,90.77667544886371,NA,NA,NA,NA,NA,139_1,NA,NA,2,99.90,99.90,NA,NA
TOBG_IN-25.fna,86.36288910641429,NA,NA,NA,NA,NA,140_0,NA,NA,1,NA,NA,NA,NA
TOBG_NP-56.fna,90.39774980875816,NA,NA,NA,NA,NA,141_0,NA,NA,1,NA,NA,NA,NA
TOBG_CPC-81.fna,82.0029834184695,NA,NA,NA,NA,NA,142_1,NA,NA,5,98.93,98.81,NA,NA
TOBG_EAC-103.fna,80.81965799279547,NA,NA,NA,NA,NA,143_0,NA,NA,1,NA,NA,NA,NA
TOBG_SAT-46.fna,93.492398032165,NA,NA,NA,NA,NA,144_0,NA,NA,1,NA,NA,NA,NA
TOBG_NAT-169.fna,69.82778280935564,NA,NA,NA,NA,NA,145_0,NA,NA,1,NA,NA,NA,NA
TOBG_SP-349.fna,82.84789374464121,NA,NA,NA,NA,NA,146_1,NA,NA,2,99.33,99.33,NA,NA
TOBG_RS-454.fna,66.49478143923311,NA,NA,NA,NA,NA,147_1,NA,NA,2,97.12,97.12,NA,NA
TOBG_SP-351.fna,71.9085204531551,NA,NA,NA,NA,NA,148_0,NA,NA,1,NA,NA,NA,NA
TOBG_ARS-1426.fna,85.6966727859091,NA,NA,NA,NA,NA,149_0,NA,NA,1,NA,NA,NA,NA
TOBG_NP-80.fna,86.84059526630766,NA,NA,NA,NA,NA,150_0,NA,NA,1,NA,NA,NA,NA
TOBG_NAT-100.fna,75.22947289712155,NA,NA,NA,NA,NA,151_0,NA,NA,1,NA,NA,NA,NA
TOBG_NP-966.fna,56.28529559509292,NA,NA,NA,NA,NA,152_0,NA,NA,1,NA,NA,NA,NA
TOBG_NP-106.fna,68.85989529305317,NA,NA,NA,NA,NA,153_0,NA,NA,1,NA,NA,NA,NA
TOBG_EAC-9.fna,77.08958165549356,NA,NA,NA,NA,NA,154_1,NA,NA,2,97.20,97.20,NA,NA
TOBG_NAT-108.fna,61.77643841698885,NA,NA,NA,NA,NA,154_2,NA,NA,1,NA,NA,NA,NA
TOBG_NP-57.fna,68.75678911363921,NA,NA,NA,NA,NA,154_3,NA,NA,1,NA,NA,NA,NA
TOBG_ARS-17.fna,66.00372421343444,NA,NA,NA,NA,NA,155_1,NA,NA,1,NA,NA,NA,NA
TOBG_NP-133.fna,86.23859567234535,NA,NA,NA,NA,NA,155_2,NA,NA,1,NA,NA,NA,NA
TOBG_NAT-123.fna,60.54015657542017,NA,NA,NA,NA,NA,156_0,NA,NA,1,NA,NA,NA,NA
TOBG_RS-456.fna,62.81536313101093,NA,NA,NA,NA,NA,157_0,NA,NA,1,NA,NA,NA,NA
TOBG_SP-203.fna,58.55294682273055,NA,NA,NA,NA,NA,158_0,NA,NA,1,NA,NA,NA,NA
TOBG_NP-936.fna,54.79116427921324,NA,NA,NA,NA,NA,159_0,NA,NA,1,NA,NA,NA,NA
TOBG_SAT-150.fna,70.64884981254387,NA,NA,NA,NA,NA,160_0,NA,NA,1,NA,NA,NA,NA
TOBG_RS-615.fna,43.35822834062672,NA,NA,NA,NA,NA,161_0,NA,NA,1,NA,NA,NA,NA
TOBG_SP-3983.fna,54.000413148670845,NA,NA,NA,NA,NA,162_0,NA,NA,1,NA,NA,NA,NA
TOBG_RS-361.fna,80.92447529742577,NA,NA,NA,NA,NA,163_0,NA,NA,1,NA,NA,NA,NA
TOBG_RS-797.fna,84.62646920387401,NA,NA,NA,NA,NA,164_0,NA,NA,1,NA,NA,NA,NA
TOBG_SP-197.fna,81.88037506318763,NA,NA,NA,NA,NA,165_0,NA,NA,1,NA,NA,NA,NA
TOBG_SP-218.fna,79.2522882194261,NA,NA,NA,NA,NA,166_0,NA,NA,1,NA,NA,NA,NA
TOBG_SP-4387.fna,90.89734925097322,NA,NA,NA,NA,NA,167_0,NA,NA,1,NA,NA,NA,NA
TOBG_ARS-15.fna,85.94408989349049,NA,NA,NA,NA,NA,168_0,NA,NA,1,NA,NA,NA,NA
TOBG_ARS-61.fna,72.6147229291369,NA,NA,NA,NA,NA,169_0,NA,NA,1,NA,NA,NA,NA
TOBG_ARS-65.fna,79.03698630943032,NA,NA,NA,NA,NA,170_0,NA,NA,1,NA,NA,NA,NA
TOBG_EAC-49.fna,102.3469824710683,NA,NA,NA,NA,NA,171_1,NA,NA,3,99.88,98.29,NA,NA
TOBG_SAT-110.fna,65.87166426888597,NA,NA,NA,NA,NA,172_0,NA,NA,1,NA,NA,NA,NA
TOBG_SAT-2.fna,63.16940832928661,NA,NA,NA,NA,NA,173_0,NA,NA,1,NA,NA,NA,NA
TOBG_IN-8.fna,79.05352293621365,NA,NA,NA,NA,NA,174_0,NA,NA,1,NA,NA,NA,NA
TOBG_MED-672.fna,58.299531562246266,NA,NA,NA,NA,NA,175_0,NA,NA,1,NA,NA,NA,NA
TOBG_SP-128.fna,99.73592543027708,NA,NA,NA,NA,NA,176_0,NA,NA,1,NA,NA,NA,NA
TOBG_CPC-58.fna,73.0108779393694,NA,NA,NA,NA,NA,177_0,NA,NA,1,NA,NA,NA,NA
TOBG_NP-1.fna,63.382634650866535,NA,NA,NA,NA,NA,178_0,NA,NA,1,NA,NA,NA,NA
TOBG_SAT-111.fna,92.96122706057226,NA,NA,NA,NA,NA,179_0,NA,NA,1,NA,NA,NA,NA
TOBG_RS-355.fna,94.00183200005796,NA,NA,NA,NA,NA,180_1,NA,NA,2,99.96,99.96,NA,NA
TOBG_NAT-30.fna,93.50176826102312,NA,NA,NA,NA,NA,181_1,NA,NA,1,NA,NA,NA,NA
TOBG_SAT-64.fna,71.9799750387169,NA,NA,NA,NA,NA,181_2,NA,NA,1,NA,NA,NA,NA
TOBG_SAT-113.fna,81.79282314071995,NA,NA,NA,NA,NA,182_1,NA,NA,2,99.50,99.50,NA,NA
TOBG_SP-1.fna,78.27400613910767,NA,NA,NA,NA,NA,183_0,NA,NA,1,NA,NA,NA,NA
TOBG_EAC-73.fna,88.23440384726592,NA,NA,NA,NA,NA,184_0,NA,NA,1,NA,NA,NA,NA
TOBG_CPC-21.fna,97.60396715068951,NA,NA,NA,NA,NA,185_1,NA,NA,3,99.93,95.79,NA,NA
TOBG_NP-952.fna,61.67959309020807,NA,NA,NA,NA,NA,186_0,NA,NA,1,NA,NA,NA,NA
TOBG_MED-856.fna,67.18296988466084,NA,NA,NA,NA,NA,187_1,NA,NA,1,NA,NA,NA,NA
TOBG_SP-237.fna,74.06215136345621,NA,NA,NA,NA,NA,187_2,NA,NA,1,NA,NA,NA,NA
TOBG_NP-40.fna,87.74212843490608,NA,NA,NA,NA,NA,188_1,NA,NA,1,NA,NA,NA,NA
TOBG_SP-3094.fna,56.29032465532378,NA,NA,NA,NA,NA,188_2,NA,NA,1,NA,NA,NA,NA
TOBG_NAT-276.fna,50.943621558194046,NA,NA,NA,NA,NA,189_0,NA,NA,1,NA,NA,NA,NA
TOBG_NAT-46.fna,80.23727486341886,NA,NA,NA,NA,NA,190_0,NA,NA,1,NA,NA,NA,NA
TOBG_CPC-72.fna,85.20817920810833,NA,NA,NA,NA,NA,191_0,NA,NA,1,NA,NA,NA,NA
TOBG_SP-179.fna,86.90975409794187,NA,NA,NA,NA,NA,192_0,NA,NA,1,NA,NA,NA,NA
TOBG_RS-697.fna,86.99137100528694,NA,NA,NA,NA,NA,193_0,NA,NA,1,NA,NA,NA,NA
TOBG_SAT-1434.fna,45.39987102656218,NA,NA,NA,NA,NA,194_0,NA,NA,1,NA,NA,NA,NA
TOBG_SAT-42.fna,76.07310356224122,NA,NA,NA,NA,NA,195_0,NA,NA,1,NA,NA,NA,NA
TOBG_SP-125.fna,91.2728623165902,NA,NA,NA,NA,NA,196_0,NA,NA,1,NA,NA,NA,NA
TOBG_EAC-36.fna,85.22015624571284,NA,NA,NA,NA,NA,197_0,NA,NA,1,NA,NA,NA,NA
TOBG_ARS-31.fna,65.89158880470903,NA,NA,NA,NA,NA,198_0,NA,NA,1,NA,NA,NA,NA
TOBG_IN-1311.fna,34.66057736291627,NA,NA,NA,NA,NA,199_0,NA,NA,1,NA,NA,NA,NA
TOBG_SP-275.fna,68.66599037208987,NA,NA,NA,NA,NA,200_0,NA,NA,1,NA,NA,NA,NA
TOBG_MED-624.fna,76.09352532946956,NA,NA,NA,NA,NA,201_1,NA,NA,1,NA,NA,NA,NA
TOBG_SP-186.fna,90.39129204277828,NA,NA,NA,NA,NA,201_2,NA,NA,1,NA,NA,NA,NA
TOBG_IN-28.fna,86.02465973661802,NA,NA,NA,NA,NA,202_0,NA,NA,1,NA,NA,NA,NA
TOBG_MED-653.fna,93.55890627170756,NA,NA,NA,NA,NA,203_0,NA,NA,1,NA,NA,NA,NA
TOBG_NAT-89.fna,88.75863073305342,NA,NA,NA,NA,NA,204_0,NA,NA,1,NA,NA,NA,NA
TOBG_NAT-16.fna,91.78767503002008,NA,NA,NA,NA,NA,205_1,NA,NA,3,99.29,99.24,NA,NA
TOBG_SP-144.fna,75.86341157223512,NA,NA,NA,NA,NA,206_0,NA,NA,1,NA,NA,NA,NA
TOBG_MED-702.fna,81.94901828031296,NA,NA,NA,NA,NA,207_1,NA,NA,2,98.34,98.34,NA,NA
TOBG_CPC-7.fna,90.5672280099798,NA,NA,NA,NA,NA,208_1,NA,NA,4,99.56,98.49,NA,NA
TOBG_EAC-631.fna,64.77721997036672,NA,NA,NA,NA,NA,209_0,NA,NA,1,NA,NA,NA,NA
TOBG_EAC-6.fna,78.75590528226066,NA,NA,NA,NA,NA,210_1,NA,NA,3,99.71,99.19,NA,NA
TOBG_NAT-113.fna,61.52854477263549,NA,NA,NA,NA,NA,211_0,NA,NA,1,NA,NA,NA,NA
TOBG_MED-728.fna,93.40353429075704,NA,NA,NA,NA,NA,212_0,NA,NA,1,NA,NA,NA,NA
TOBG_SP-124.fna,72.18939571718312,NA,NA,NA,NA,NA,213_0,NA,NA,1,NA,NA,NA,NA
TOBG_CPC-54.fna,70.12396521875648,NA,NA,NA,NA,NA,214_0,NA,NA,1,NA,NA,NA,NA
TOBG_NAT-149.fna,69.24615694456031,NA,NA,NA,NA,NA,215_0,NA,NA,1,NA,NA,NA,NA
TOBG_NP-34.fna,79.68247217963076,NA,NA,NA,NA,NA,216_0,NA,NA,1,NA,NA,NA,NA
TOBG_NP-43.fna,52.25933349732224,NA,NA,NA,NA,NA,217_0,NA,NA,1,NA,NA,NA,NA
TOBG_ARS-3.fna,83.17416030677853,NA,NA,NA,NA,NA,218_0,NA,NA,1,NA,NA,NA,NA
TOBG_NAT-212.fna,59.1135613799638,NA,NA,NA,NA,NA,219_0,NA,NA,1,NA,NA,NA,NA
TOBG_EAC-71.fna,76.25366881813383,NA,NA,NA,NA,NA,220_1,NA,NA,3,96.40,96.27,NA,NA
TOBG_NP-26.fna,97.657819091342,NA,NA,NA,NA,NA,221_1,NA,NA,3,99.84,99.53,NA,NA
TOBG_SAT-7.fna,76.19821734670808,NA,NA,NA,NA,NA,222_1,NA,NA,2,97.13,97.13,NA,NA
TOBG_RS-367.fna,69.78782828356894,NA,NA,NA,NA,NA,223_0,NA,NA,1,NA,NA,NA,NA
TOBG_EAC-1.fna,81.94010300031388,NA,NA,NA,NA,NA,224_1,NA,NA,3,97.15,96.86,NA,NA
TOBG_RS-397.fna,80.35166018801984,NA,NA,NA,NA,NA,225_1,NA,NA,5,98.31,97.84,NA,NA
TOBG_ARS-1036.fna,66.2698435413092,NA,NA,NA,NA,NA,226_0,NA,NA,1,NA,NA,NA,NA
TOBG_SP-246.fna,72.88105569655893,NA,NA,NA,NA,NA,227_0,NA,NA,1,NA,NA,NA,NA
TOBG_SAT-22.fna,89.5524547882098,NA,NA,NA,NA,NA,228_0,NA,NA,1,NA,NA,NA,NA
TOBG_SP-17.fna,87.8986595643906,NA,NA,NA,NA,NA,229_1,NA,NA,2,99.92,99.92,NA,NA
TOBG_SP-245.fna,75.87037108212391,NA,NA,NA,NA,NA,230_1,NA,NA,2,99.90,99.90,NA,NA
TOBG_SP-118.fna,78.86276425765658,NA,NA,NA,NA,NA,231_0,NA,NA,1,NA,NA,NA,NA
TOBG_MED-587.fna,102.33945702710214,NA,NA,NA,NA,NA,232_1,NA,NA,4,99.99,99.95,NA,NA
TOBG_EAC-76.fna,97.92811815823596,NA,NA,NA,NA,NA,233_0,NA,NA,1,NA,NA,NA,NA
TOBG_NAT-173.fna,89.5231944605764,NA,NA,NA,NA,NA,234_0,NA,NA,1,NA,NA,NA,NA
TOBG_SAT-5.fna,76.65256056356226,NA,NA,NA,NA,NA,235_0,NA,NA,1,NA,NA,NA,NA
TOBG_NAT-3.fna,67.74197748147932,NA,NA,NA,NA,NA,236_0,NA,NA,1,NA,NA,NA,NA
TOBG_SAT-55.fna,88.33625097711263,NA,NA,NA,NA,NA,237_0,NA,NA,1,NA,NA,NA,NA
TOBG_SAT-27.fna,100.099031151035,NA,NA,NA,NA,NA,238_0,NA,NA,1,NA,NA,NA,NA
TOBG_SP-140.fna,78.41381215264903,NA,NA,NA,NA,NA,239_1,NA,NA,2,99.99,99.99,NA,NA
TOBG_SP-169.fna,92.2804015964196,NA,NA,NA,NA,NA,240_1,NA,NA,2,99.72,99.72,NA,NA
TOBG_EAC-98.fna,76.32449255620365,NA,NA,NA,NA,NA,241_1,NA,NA,2,99.64,99.64,NA,NA
TOBG_MED-1008.fna,33.66034115316274,NA,NA,NA,NA,NA,242_0,NA,NA,1,NA,NA,NA,NA
TOBG_RS-422.fna,64.90113929094777,NA,NA,NA,NA,NA,243_0,NA,NA,1,NA,NA,NA,NA
TOBG_NAT-33.fna,98.1144318416295,NA,NA,NA,NA,NA,244_1,NA,NA,2,99.85,99.85,NA,NA
TOBG_CPC-40.fna,86.30571646430035,NA,NA,NA,NA,NA,245_0,NA,NA,1,NA,NA,NA,NA
TOBG_NAT-167.fna,57.134251910054864,NA,NA,NA,NA,NA,246_0,NA,NA,1,NA,NA,NA,NA
TOBG_ARS-5.fna,78.10095456008987,NA,NA,NA,NA,NA,247_0,NA,NA,1,NA,NA,NA,NA
TOBG_CPC-19.fna,98.5585583378564,NA,NA,NA,NA,NA,248_1,NA,NA,2,99.71,99.71,NA,NA
TOBG_SP-126.fna,86.60342205581263,NA,NA,NA,NA,NA,249_0,NA,NA,1,NA,NA,NA,NA
TOBG_NP-29.fna,89.559279854592,NA,NA,NA,NA,NA,250_0,NA,NA,1,NA,NA,NA,NA
TOBG_EAC-56.fna,87.3526048571923,NA,NA,NA,NA,NA,251_0,NA,NA,1,NA,NA,NA,NA
TOBG_NAT-17.fna,54.99567064069789,NA,NA,NA,NA,NA,252_0,NA,NA,1,NA,NA,NA,NA
TOBG_SAT-108.fna,74.49719930834935,NA,NA,NA,NA,NA,253_1,NA,NA,2,99.01,99.01,NA,NA
TOBG_SAT-4.fna,93.40811104501708,NA,NA,NA,NA,NA,254_1,NA,NA,2,98.31,98.31,NA,NA
TOBG_SAT-54.fna,83.94993812093733,NA,NA,NA,NA,NA,255_0,NA,NA,1,NA,NA,NA,NA
TOBG_SP-159.fna,86.32236485586873,NA,NA,NA,NA,NA,256_1,NA,NA,2,99.93,99.93,NA,NA
TOBG_MED-633.fna,96.4121845940208,NA,NA,NA,NA,NA,257_1,NA,NA,5,97.56,96.78,NA,NA
TOBG_SAT-37.fna,87.84295117810701,NA,NA,NA,NA,NA,258_0,NA,NA,1,NA,NA,NA,NA
TOBG_SP-158.fna,83.89929454164636,NA,NA,NA,NA,NA,259_0,NA,NA,1,NA,NA,NA,NA
TOBG_SAT-90.fna,81.32942184877336,NA,NA,NA,NA,NA,260_1,NA,NA,2,98.11,98.11,NA,NA
TOBG_SAT-198.fna,88.31265353086467,NA,NA,NA,NA,NA,261_0,NA,NA,1,NA,NA,NA,NA
TOBG_EAC-16.fna,70.94264165830943,NA,NA,NA,NA,NA,262_0,NA,NA,1,NA,NA,NA,NA
TOBG_NAT-82.fna,81.61744458800675,NA,NA,NA,NA,NA,263_0,NA,NA,1,NA,NA,NA,NA
TOBG_SAT-194.fna,92.14449525393,NA,NA,NA,NA,NA,264_1,NA,NA,3,99.89,99.69,NA,NA
TOBG_SAT-23.fna,73.75835201985002,NA,NA,NA,NA,NA,265_0,NA,NA,1,NA,NA,NA,NA
TOBG_IN-16.fna,66.3067922877577,NA,NA,NA,NA,NA,266_0,NA,NA,1,NA,NA,NA,NA
TOBG_IN-22.fna,84.92359692518421,NA,NA,NA,NA,NA,267_0,NA,NA,1,NA,NA,NA,NA
TOBG_CPC-25.fna,91.94815827233748,NA,NA,NA,NA,NA,268_0,NA,NA,1,NA,NA,NA,NA
TOBG_EAC-77.fna,101.8211450032127,NA,NA,NA,NA,NA,269_0,NA,NA,1,NA,NA,NA,NA
TOBG_NAT-170.fna,76.44715229826811,NA,NA,NA,NA,NA,270_0,NA,NA,1,NA,NA,NA,NA
TOBG_CPC-32.fna,91.8096799572438,NA,NA,NA,NA,NA,271_0,NA,NA,1,NA,NA,NA,NA
TOBG_EAC-683.fna,49.10424978514192,NA,NA,NA,NA,NA,272_0,NA,NA,1,NA,NA,NA,NA
TOBG_NAT-10.fna,74.84380262451766,NA,NA,NA,NA,NA,273_0,NA,NA,1,NA,NA,NA,NA
TOBG_NAT-291.fna,89.464289510194,NA,NA,NA,NA,NA,274_0,NA,NA,1,NA,NA,NA,NA
TOBG_EAC-60.fna,88.19117185550492,NA,NA,NA,NA,NA,275_0,NA,NA,1,NA,NA,NA,NA
TOBG_SP-61.fna,78.62428583316066,NA,NA,NA,NA,NA,276_0,NA,NA,1,NA,NA,NA,NA
TOBG_NAT-21.fna,88.68288298209133,NA,NA,NA,NA,NA,277_0,NA,NA,1,NA,NA,NA,NA
TOBG_SP-28.fna,78.02440720397256,NA,NA,NA,NA,NA,278_0,NA,NA,1,NA,NA,NA,NA
TOBG_NP-997.fna,67.45281495109862,NA,NA,NA,NA,NA,279_0,NA,NA,1,NA,NA,NA,NA
TOBG_MED-1190.fna,49.76234678733629,NA,NA,NA,NA,NA,280_0,NA,NA,1,NA,NA,NA,NA
TOBG_MED-730.fna,76.39720075010166,NA,NA,NA,NA,NA,281_0,NA,NA,1,NA,NA,NA,NA
TOBG_SP-240.fna,90.15784147041208,NA,NA,NA,NA,NA,282_0,NA,NA,1,NA,NA,NA,NA
TOBG_CPC-320.fna,65.10314041336267,NA,NA,NA,NA,NA,283_1,NA,NA,2,98.49,98.49,NA,NA
TOBG_NAT-158.fna,99.76697224272245,NA,NA,NA,NA,NA,284_0,NA,NA,1,NA,NA,NA,NA
TOBG_IN-21.fna,98.2718745995932,NA,NA,NA,NA,NA,285_0,NA,NA,1,NA,NA,NA,NA
TOBG_SAT-66.fna,84.88401114958614,NA,NA,NA,NA,NA,286_0,NA,NA,1,NA,NA,NA,NA
TOBG_IN-14.fna,68.23405371617115,NA,NA,NA,NA,NA,287_0,NA,NA,1,NA,NA,NA,NA
TOBG_MED-605.fna,74.8304578235227,NA,NA,NA,NA,NA,288_0,NA,NA,1,NA,NA,NA,NA
TOBG_ARS-27.fna,68.42566222089621,NA,NA,NA,NA,NA,289_0,NA,NA,1,NA,NA,NA,NA
TOBG_NP-964.fna,54.742000524561576,NA,NA,NA,NA,NA,290_0,NA,NA,1,NA,NA,NA,NA
TOBG_NP-992.fna,57.361816622253066,NA,NA,NA,NA,NA,291_0,NA,NA,1,NA,NA,NA,NA
TOBG_SAT-2787.fna,90.09349745453044,NA,NA,NA,NA,NA,292_0,NA,NA,1,NA,NA,NA,NA
TOBG_MED-611.fna,73.8707865009389,NA,NA,NA,NA,NA,293_0,NA,NA,1,NA,NA,NA,NA
TOBG_MED-615.fna,72.40490192434315,NA,NA,NA,NA,NA,294_0,NA,NA,1,NA,NA,NA,NA
TOBG_CPC-69.fna,96.44063554124894,NA,NA,NA,NA,NA,295_1,NA,NA,2,99.95,99.95,NA,NA
TOBG_MED-595.fna,77.88141297957675,NA,NA,NA,NA,NA,296_0,NA,NA,1,NA,NA,NA,NA
TOBG_MED-717.fna,65.77664990484591,NA,NA,NA,NA,NA,297_0,NA,NA,1,NA,NA,NA,NA
TOBG_SAT-98.fna,88.19951969978031,NA,NA,NA,NA,NA,298_1,NA,NA,2,99.70,99.70,NA,NA
TOBG_MED-610.fna,75.99395958726708,NA,NA,NA,NA,NA,299_0,NA,NA,1,NA,NA,NA,NA
TOBG_EAC-37.fna,85.0644484187109,NA,NA,NA,NA,NA,300_1,NA,NA,3,99.04,98.94,NA,NA
TOBG_IN-32.fna,66.7301924384802,NA,NA,NA,NA,NA,301_0,NA,NA,1,NA,NA,NA,NA
TOBG_MED-668.fna,85.84695267446865,NA,NA,NA,NA,NA,302_0,NA,NA,1,NA,NA,NA,NA
TOBG_SP-2982.fna,56.00647470612844,NA,NA,NA,NA,NA,303_0,NA,NA,1,NA,NA,NA,NA
TOBG_SP-350.fna,101.76386232716334,NA,NA,NA,NA,NA,304_1,NA,NA,6,99.33,97.07,NA,NA
TOBG_CPC-80.fna,71.83457714652694,NA,NA,NA,NA,NA,305_0,NA,NA,1,NA,NA,NA,NA
TOBG_SAT-112.fna,72.65004935204165,NA,NA,NA,NA,NA,306_0,NA,NA,1,NA,NA,NA,NA
TOBG_NP-27.fna,82.56922627520231,NA,NA,NA,NA,NA,307_1,NA,NA,2,98.20,98.20,NA,NA
TOBG_SP-259.fna,78.21327343514025,NA,NA,NA,NA,NA,308_1,NA,NA,2,98.17,98.17,NA,NA
TOBG_CPC-14.fna,100.07288867822304,NA,NA,NA,NA,NA,308_2,NA,NA,1,NA,NA,NA,NA
TOBG_SP-86.fna,64.24576246898309,NA,NA,NA,NA,NA,309_0,NA,NA,1,NA,NA,NA,NA
TOBG_CPC-43.fna,100.55328649908104,NA,NA,NA,NA,NA,310_1,NA,NA,1,NA,NA,NA,NA
TOBG_SAT-28.fna,93.1847048840866,NA,NA,NA,NA,NA,310_2,NA,NA,1,NA,NA,NA,NA
TOBG_SAT-1308.fna,59.09639416873471,NA,NA,NA,NA,NA,311_0,NA,NA,1,NA,NA,NA,NA
TOBG_SP-131.fna,79.408618482049,NA,NA,NA,NA,NA,312_0,NA,NA,1,NA,NA,NA,NA
TOBG_IN-19.fna,82.08007501187885,NA,NA,NA,NA,NA,313_0,NA,NA,1,NA,NA,NA,NA
TOBG_NAT-127.fna,79.23099050002173,NA,NA,NA,NA,NA,314_0,NA,NA,1,NA,NA,NA,NA
TOBG_SAT-26.fna,96.67642416819504,NA,NA,NA,NA,NA,315_0,NA,NA,1,NA,NA,NA,NA
TOBG_NAT-109.fna,73.07368856694313,NA,NA,NA,NA,NA,316_1,NA,NA,2,95.96,95.96,NA,NA
TOBG_NP-1472.fna,68.92346389247963,NA,NA,NA,NA,NA,317_0,NA,NA,1,NA,NA,NA,NA
TOBG_NP-1444.fna,69.37038206873589,NA,NA,NA,NA,NA,318_0,NA,NA,1,NA,NA,NA,NA
TOBG_MED-759.fna,75.20463792021715,NA,NA,NA,NA,NA,319_0,NA,NA,1,NA,NA,NA,NA
TOBG_MED-814.fna,58.998490871566766,NA,NA,NA,NA,NA,320_0,NA,NA,1,NA,NA,NA,NA
TOBG_MED-626.fna,70.93682373610461,NA,NA,NA,NA,NA,321_0,NA,NA,1,NA,NA,NA,NA
TOBG_SP-151.fna,99.22623933919104,NA,NA,NA,NA,NA,322_0,NA,NA,1,NA,NA,NA,NA
TOBG_SP-320.fna,80.90032016863374,NA,NA,NA,NA,NA,323_1,NA,NA,2,97.82,97.82,NA,NA
TOBG_RS-382.fna,78.11259588179345,NA,NA,NA,NA,NA,324_0,NA,NA,1,NA,NA,NA,NA
TOBG_SP-253.fna,64.95149857970804,NA,NA,NA,NA,NA,325_0,NA,NA,1,NA,NA,NA,NA
TOBG_NP-948.fna,66.27650584317068,NA,NA,NA,NA,NA,326_0,NA,NA,1,NA,NA,NA,NA
TOBG_NP-949.fna,57.0549440997753,NA,NA,NA,NA,NA,327_0,NA,NA,1,NA,NA,NA,NA
TOBG_SP-213.fna,72.93146560139141,NA,NA,NA,NA,NA,328_1,NA,NA,2,98.19,98.19,NA,NA
TOBG_NP-942.fna,54.63822452585821,NA,NA,NA,NA,NA,329_0,NA,NA,1,NA,NA,NA,NA
TOBG_SAT-97.fna,87.22850191855021,NA,NA,NA,NA,NA,330_1,NA,NA,2,99.28,99.28,NA,NA
TOBG_CPC-2.fna,96.65084604824082,NA,NA,NA,NA,NA,331_0,NA,NA,1,NA,NA,NA,NA
TOBG_NAT-67.fna,57.53468461194464,NA,NA,NA,NA,NA,332_0,NA,NA,1,NA,NA,NA,NA
TOBG_SP-177.fna,79.31232358965369,NA,NA,NA,NA,NA,333_0,NA,NA,1,NA,NA,NA,NA
TOBG_RS-342.fna,96.2280975856152,NA,NA,NA,NA,NA,334_1,NA,NA,1,NA,NA,NA,NA
TOBG_SAT-75.fna,89.29658168920616,NA,NA,NA,NA,NA,334_2,NA,NA,1,NA,NA,NA,NA
TOBG_IN-29.fna,91.96175065032072,NA,NA,NA,NA,NA,335_0,NA,NA,1,NA,NA,NA,NA
TOBG_CPC-24.fna,75.04401902467659,NA,NA,NA,NA,NA,336_0,NA,NA,1,NA,NA,NA,NA
TOBG_MED-815.fna,48.9764159818774,NA,NA,NA,NA,NA,337_0,NA,NA,1,NA,NA,NA,NA
TOBG_MED-928.fna,44.00220458774327,NA,NA,NA,NA,NA,338_0,NA,NA,1,NA,NA,NA,NA
TOBG_NAT-43.fna,71.6203407363689,NA,NA,NA,NA,NA,339_1,NA,NA,1,NA,NA,NA,NA
TOBG_SP-98.fna,65.07000699769868,NA,NA,NA,NA,NA,339_2,NA,NA,1,NA,NA,NA,NA
TOBG_SAT-35.fna,98.01029941895068,NA,NA,NA,NA,NA,340_1,NA,NA,2,99.89,99.89,NA,NA
TOBG_EAC-47.fna,68.65275921221678,NA,NA,NA,NA,NA,340_2,NA,NA,1,NA,NA,NA,NA
TOBG_SAT-189.fna,87.84026714155722,NA,NA,NA,NA,NA,341_0,NA,NA,1,NA,NA,NA,NA
TOBG_CPC-20.fna,58.90461001153249,NA,NA,NA,NA,NA,342_0,NA,NA,1,NA,NA,NA,NA
TOBG_MED-810.fna,60.45220224647042,NA,NA,NA,NA,NA,343_0,NA,NA,1,NA,NA,NA,NA
TOBG_SP-3982.fna,68.0685477673032,NA,NA,NA,NA,NA,344_0,NA,NA,1,NA,NA,NA,NA
TOBG_SAT-83.fna,91.19559402400724,NA,NA,NA,NA,NA,345_1,NA,NA,2,99.20,99.20,NA,NA
TOBG_EAC-58.fna,93.30895197229648,NA,NA,NA,NA,NA,346_0,NA,NA,1,NA,NA,NA,NA
TOBG_MED-698.fna,78.66727308050744,NA,NA,NA,NA,NA,347_0,NA,NA,1,NA,NA,NA,NA
TOBG_SP-238.fna,90.11804407535392,NA,NA,NA,NA,NA,348_0,NA,NA,1,NA,NA,NA,NA
TOBG_MED-825.fna,66.17025620140335,NA,NA,NA,NA,NA,349_0,NA,NA,1,NA,NA,NA,NA
TOBG_MED-690.fna,82.67344019895855,NA,NA,NA,NA,NA,350_0,NA,NA,1,NA,NA,NA,NA
TOBG_SAT-18.fna,75.11256694657094,NA,NA,NA,NA,NA,351_0,NA,NA,1,NA,NA,NA,NA
TOBG_RS-465.fna,63.31345411131719,NA,NA,NA,NA,NA,352_1,NA,NA,2,97.86,97.86,NA,NA
TOBG_EAC-86.fna,78.46590939022909,NA,NA,NA,NA,NA,353_1,NA,NA,2,98.22,98.22,NA,NA
TOBG_ARS-1012.fna,58.56789764077699,NA,NA,NA,NA,NA,354_1,NA,NA,1,NA,NA,NA,NA
TOBG_CPC-316.fna,59.799011915290365,NA,NA,NA,NA,NA,354_2,NA,NA,1,NA,NA,NA,NA
TOBG_SP-3017.fna,58.022795027378166,NA,NA,NA,NA,NA,355_0,NA,NA,1,NA,NA,NA,NA
TOBG_SP-171.fna,68.69696758965027,NA,NA,NA,NA,NA,356_0,NA,NA,1,NA,NA,NA,NA
TOBG_SAT-31.fna,96.50989972027892,NA,NA,NA,NA,NA,357_1,NA,NA,3,99.97,99.32,NA,NA
TOBG_SP-180.fna,93.16941253348114,NA,NA,NA,NA,NA,358_0,NA,NA,1,NA,NA,NA,NA
TOBG_SP-3112.fna,59.32088330092976,NA,NA,NA,NA,NA,359_0,NA,NA,1,NA,NA,NA,NA
TOBG_SP-331.fna,73.8565260550685,NA,NA,NA,NA,NA,360_0,NA,NA,1,NA,NA,NA,NA
TOBG_IN-15.fna,68.73543940407424,NA,NA,NA,NA,NA,361_1,NA,NA,2,97.42,97.42,NA,NA
TOBG_EAC-50.fna,92.56182167987808,NA,NA,NA,NA,NA,362_0,NA,NA,1,NA,NA,NA,NA
TOBG_NP-45.fna,64.62506074055472,NA,NA,NA,NA,NA,363_1,NA,NA,3,97.87,97.60,NA,NA
TOBG_NP-96.fna,72.82961166879639,NA,NA,NA,NA,NA,364_1,NA,NA,2,98.77,98.77,NA,NA
TOBG_CPC-8.fna,101.06718291846596,NA,NA,NA,NA,NA,364_2,NA,NA,2,97.37,97.37,NA,NA
TOBG_SP-333.fna,73.90845804899833,NA,NA,NA,NA,NA,365_0,NA,NA,1,NA,NA,NA,NA
TOBG_SP-32.fna,97.51035426425496,NA,NA,NA,NA,NA,366_1,NA,NA,3,99.46,97.85,NA,NA
TOBG_CPC-11.fna,85.23680662717439,NA,NA,NA,NA,NA,367_1,NA,NA,5,97.92,95.44,NA,NA
TOBG_NP-94.fna,89.34016887447919,NA,NA,NA,NA,NA,368_1,NA,NA,3,97.94,97.71,NA,NA
TOBG_NP-13.fna,88.27041058792673,NA,NA,NA,NA,NA,369_0,NA,NA,1,NA,NA,NA,NA
TOBG_NP-90.fna,96.96438736356696,NA,NA,NA,NA,NA,370_0,NA,NA,1,NA,NA,NA,NA
TOBG_SAT-93.fna,90.80380320802696,NA,NA,NA,NA,NA,371_0,NA,NA,1,NA,NA,NA,NA
TOBG_RS-426.fna,68.78538603585282,NA,NA,NA,NA,NA,372_0,NA,NA,1,NA,NA,NA,NA
TOBG_RS-822.fna,78.38484567768823,NA,NA,NA,NA,NA,373_0,NA,NA,1,NA,NA,NA,NA
TOBG_NP-95.fna,92.01895663603844,NA,NA,NA,NA,NA,374_1,NA,NA,2,97.09,97.09,NA,NA
TOBG_SAT-88.fna,82.4055681373936,NA,NA,NA,NA,NA,375_1,NA,NA,2,97.05,97.05,NA,NA
TOBG_IN-2.fna,77.42859790597028,NA,NA,NA,NA,NA,376_0,NA,NA,1,NA,NA,NA,NA
TOBG_IN-1.fna,75.09247341152593,NA,NA,NA,NA,NA,377_0,NA,NA,1,NA,NA,NA,NA
TOBG_SP-133.fna,96.29868153444522,NA,NA,NA,NA,NA,378_0,NA,NA,1,NA,NA,NA,NA
TOBG_NAT-94.fna,62.67710664378694,NA,NA,NA,NA,NA,379_0,NA,NA,1,NA,NA,NA,NA
TOBG_SP-163.fna,86.71157183221169,NA,NA,NA,NA,NA,380_0,NA,NA,1,NA,NA,NA,NA
TOBG_NAT-4.fna,85.79192585949573,NA,NA,NA,NA,NA,381_0,NA,NA,1,NA,NA,NA,NA
TOBG_IN-9.fna,81.77337377475139,NA,NA,NA,NA,NA,382_1,NA,NA,2,99.58,99.58,NA,NA
TOBG_NAT-64.fna,87.41699075871682,NA,NA,NA,NA,NA,383_1,NA,NA,3,99.05,98.72,NA,NA
TOBG_CPC-28.fna,86.80866056250613,NA,NA,NA,NA,NA,383_2,NA,NA,1,NA,NA,NA,NA
TOBG_CPC-45.fna,84.70831404977221,NA,NA,NA,NA,NA,384_0,NA,NA,1,NA,NA,NA,NA
TOBG_EAC-94.fna,100.31967736757552,NA,NA,NA,NA,NA,385_1,NA,NA,2,97.21,97.21,NA,NA
TOBG_NAT-121.fna,83.35859063973446,NA,NA,NA,NA,NA,386_0,NA,NA,1,NA,NA,NA,NA
TOBG_NAT-125.fna,68.99735713976666,NA,NA,NA,NA,NA,387_0,NA,NA,1,NA,NA,NA,NA
TOBG_EAC-69.fna,93.28623547482113,NA,NA,NA,NA,NA,388_0,NA,NA,1,NA,NA,NA,NA
TOBG_NP-21.fna,83.47728360204903,NA,NA,NA,NA,NA,389_0,NA,NA,1,NA,NA,NA,NA
TOBG_NP-59.fna,67.16525761608516,NA,NA,NA,NA,NA,390_0,NA,NA,1,NA,NA,NA,NA
TOBG_MED-581.fna,70.20846206380739,NA,NA,NA,NA,NA,391_1,NA,NA,1,NA,NA,NA,NA
TOBG_NP-51.fna,79.44702539280537,NA,NA,NA,NA,NA,391_2,NA,NA,1,NA,NA,NA,NA
TOBG_SP-3023.fna,69.70978578715723,NA,NA,NA,NA,NA,392_0,NA,NA,1,NA,NA,NA,NA
TOBG_CPC-27.fna,66.85417742465467,NA,NA,NA,NA,NA,393_0,NA,NA,1,NA,NA,NA,NA
TOBG_NAT-84.fna,70.63293875867956,NA,NA,NA,NA,NA,394_0,NA,NA,1,NA,NA,NA,NA
TOBG_NP-1044.fna,84.52307776094045,NA,NA,NA,NA,NA,395_0,NA,NA,1,NA,NA,NA,NA
TOBG_CPC-13.fna,95.00760132095844,NA,NA,NA,NA,NA,396_0,NA,NA,1,NA,NA,NA,NA
TOBG_CPC-6.fna,83.07716095697253,NA,NA,NA,NA,NA,397_0,NA,NA,1,NA,NA,NA,NA
TOBG_SAT-40.fna,95.01567593057804,NA,NA,NA,NA,NA,398_1,NA,NA,3,99.80,98.23,NA,NA
TOBG_SP-181.fna,56.590425493084325,NA,NA,NA,NA,NA,399_0,NA,NA,1,NA,NA,NA,NA
TOBG_NP-24.fna,63.75985251826007,NA,NA,NA,NA,NA,400_1,NA,NA,2,98.37,98.37,NA,NA
TOBG_ARS-16.fna,80.18671268563583,NA,NA,NA,NA,NA,401_0,NA,NA,1,NA,NA,NA,NA
TOBG_SP-26.fna,69.6743552478374,NA,NA,NA,NA,NA,402_0,NA,NA,1,NA,NA,NA,NA
TOBG_SP-3037.fna,64.32361362703361,NA,NA,NA,NA,NA,403_0,NA,NA,1,NA,NA,NA,NA
TOBG_SAT-1609.fna,52.49166718772189,NA,NA,NA,NA,NA,404_1,NA,NA,1,NA,NA,NA,NA
TOBG_SP-3103.fna,52.2992631731247,NA,NA,NA,NA,NA,404_2,NA,NA,1,NA,NA,NA,NA
TOBG_NAT-198.fna,38.66013882561892,NA,NA,NA,NA,NA,405_0,NA,NA,1,NA,NA,NA,NA
TOBG_SAT-1367.fna,54.368143606309104,NA,NA,NA,NA,NA,406_0,NA,NA,1,NA,NA,NA,NA
TOBG_RS-434.fna,59.13342920610708,NA,NA,NA,NA,NA,407_0,NA,NA,1,NA,NA,NA,NA
TOBG_SAT-1339.fna,56.51555110547704,NA,NA,NA,NA,NA,408_1,NA,NA,1,NA,NA,NA,NA
TOBG_SAT-1391.fna,46.52731355224513,NA,NA,NA,NA,NA,408_2,NA,NA,1,NA,NA,NA,NA
TOBG_EAC-88.fna,70.55179321066163,NA,NA,NA,NA,NA,409_0,NA,NA,1,NA,NA,NA,NA
TOBG_NAT-575.fna,79.79016329052169,NA,NA,NA,NA,NA,410_1,NA,NA,2,98.62,98.62,NA,NA
TOBG_ARS-70.fna,90.94294248590658,NA,NA,NA,NA,NA,411_1,NA,NA,2,98.12,98.12,NA,NA
TOBG_SP-222.fna,86.29741404804463,NA,NA,NA,NA,NA,412_0,NA,NA,1,NA,NA,NA,NA
TOBG_NAT-137.fna,84.29610319467254,NA,NA,NA,NA,NA,413_0,NA,NA,1,NA,NA,NA,NA
TOBG_RS-435.fna,67.3522388434999,NA,NA,NA,NA,NA,414_0,NA,NA,1,NA,NA,NA,NA
TOBG_SAT-91.fna,80.09351974704461,NA,NA,NA,NA,NA,415_1,NA,NA,2,99.39,99.39,NA,NA
TOBG_SAT-1517.fna,52.41072848070849,NA,NA,NA,NA,NA,416_0,NA,NA,1,NA,NA,NA,NA
TOBG_NAT-138.fna,86.24349683773752,NA,NA,NA,NA,NA,417_0,NA,NA,1,NA,NA,NA,NA
TOBG_CPC-300.fna,70.8116661653023,NA,NA,NA,NA,NA,418_1,NA,NA,4,98.50,96.03,NA,NA
TOBG_NAT-181.fna,79.10345862143146,NA,NA,NA,NA,NA,419_1,NA,NA,2,98.37,98.37,NA,NA
TOBG_CPC-50.fna,61.510619535591296,NA,NA,NA,NA,NA,420_0,NA,NA,1,NA,NA,NA,NA
TOBG_SP-164.fna,75.5601877639305,NA,NA,NA,NA,NA,421_0,NA,NA,1,NA,NA,NA,NA
TOBG_SP-232.fna,68.41047897428,NA,NA,NA,NA,NA,422_0,NA,NA,1,NA,NA,NA,NA
TOBG_SP-3118.fna,55.65804768700152,NA,NA,NA,NA,NA,423_0,NA,NA,1,NA,NA,NA,NA
TOBG_SP-85.fna,55.43777412674707,NA,NA,NA,NA,NA,424_0,NA,NA,1,NA,NA,NA,NA
TOBG_SP-241.fna,72.75592979981724,NA,NA,NA,NA,NA,425_0,NA,NA,1,NA,NA,NA,NA
TOBG_SP-354.fna,63.938570693874894,NA,NA,NA,NA,NA,426_0,NA,NA,1,NA,NA,NA,NA
TOBG_RS-349.fna,73.01982507880683,NA,NA,NA,NA,NA,427_0,NA,NA,1,NA,NA,NA,NA
TOBG_SP-234.fna,82.1891897912987,NA,NA,NA,NA,NA,428_0,NA,NA,1,NA,NA,NA,NA
TOBG_MED-593.fna,56.62155536330442,NA,NA,NA,NA,NA,429_0,NA,NA,1,NA,NA,NA,NA
TOBG_MED-741.fna,58.20504902034057,NA,NA,NA,NA,NA,430_0,NA,NA,1,NA,NA,NA,NA
TOBG_MED-739.fna,70.11720167932106,NA,NA,NA,NA,NA,431_0,NA,NA,1,NA,NA,NA,NA
TOBG_NAT-143.fna,68.06555056628018,NA,NA,NA,NA,NA,432_1,NA,NA,3,98.73,98.71,NA,NA
TOBG_MED-1269.fna,69.70023883887677,NA,NA,NA,NA,NA,433_1,NA,NA,2,96.83,96.83,NA,NA
TOBG_ARS-1034.fna,66.53470102500357,NA,NA,NA,NA,NA,434_1,NA,NA,3,95.43,94.91,NA,NA
TOBG_SAT-161.fna,72.39127427799312,NA,NA,NA,NA,NA,435_0,NA,NA,1,NA,NA,NA,NA
TOBG_NP-1395.fna,79.78765268709132,NA,NA,NA,NA,NA,436_0,NA,NA,1,NA,NA,NA,NA
TOBG_SAT-142.fna,66.1942277092261,NA,NA,NA,NA,NA,437_0,NA,NA,1,NA,NA,NA,NA
TOBG_RS-821.fna,83.03769031628892,NA,NA,NA,NA,NA,438_0,NA,NA,1,NA,NA,NA,NA
TOBG_SAT-128.fna,58.13033668832587,NA,NA,NA,NA,NA,439_0,NA,NA,1,NA,NA,NA,NA
TOBG_NAT-133.fna,79.76840370331331,NA,NA,NA,NA,NA,440_0,NA,NA,1,NA,NA,NA,NA
TOBG_NP-16.fna,89.60461533106145,NA,NA,NA,NA,NA,441_1,NA,NA,3,99.97,99.96,NA,NA
TOBG_SAT-62.fna,97.6524246502264,NA,NA,NA,NA,NA,441_2,NA,NA,1,NA,NA,NA,NA
TOBG_EAC-710.fna,66.02637095751037,NA,NA,NA,NA,NA,442_0,NA,NA,1,NA,NA,NA,NA
TOBG_NAT-11.fna,75.60500404577832,NA,NA,NA,NA,NA,443_0,NA,NA,1,NA,NA,NA,NA
TOBG_EAC-85.fna,85.78592302284937,NA,NA,NA,NA,NA,444_0,NA,NA,1,NA,NA,NA,NA
TOBG_MED-783.fna,72.63653230889287,NA,NA,NA,NA,NA,445_0,NA,NA,1,NA,NA,NA,NA
TOBG_NAT-14.fna,79.15972601741059,NA,NA,NA,NA,NA,446_0,NA,NA,1,NA,NA,NA,NA
TOBG_SP-166.fna,94.3867967853474,NA,NA,NA,NA,NA,447_0,NA,NA,1,NA,NA,NA,NA
TOBG_SP-3035.fna,37.41462839861612,NA,NA,NA,NA,NA,448_0,NA,NA,1,NA,NA,NA,NA
TOBG_NAT-69.fna,100.10660369074697,NA,NA,NA,NA,NA,449_1,NA,NA,3,98.15,96.81,NA,NA
TOBG_SAT-1610.fna,58.46374485637873,NA,NA,NA,NA,NA,450_0,NA,NA,1,NA,NA,NA,NA
TOBG_SP-113.fna,82.43726617542751,NA,NA,NA,NA,NA,451_1,NA,NA,2,99.02,99.02,NA,NA
TOBG_SP-141.fna,74.6034370194283,NA,NA,NA,NA,NA,452_0,NA,NA,1,NA,NA,NA,NA
TOBG_MED-643.fna,52.47097319656235,NA,NA,NA,NA,NA,453_0,NA,NA,1,NA,NA,NA,NA
TOBG_SAT-12.fna,90.14174026725766,NA,NA,NA,NA,NA,454_0,NA,NA,1,NA,NA,NA,NA
TOBG_SP-105.fna,85.44120827655595,NA,NA,NA,NA,NA,455_0,NA,NA,1,NA,NA,NA,NA
TOBG_ARS-1279.fna,64.58641840811613,NA,NA,NA,NA,NA,456_0,NA,NA,1,NA,NA,NA,NA
TOBG_NAT-155.fna,72.02958736992173,NA,NA,NA,NA,NA,457_0,NA,NA,1,NA,NA,NA,NA
TOBG_NP-69.fna,78.7214103612169,NA,NA,NA,NA,NA,458_1,NA,NA,2,99.82,99.82,NA,NA
TOBG_NAT-61.fna,59.38589096479831,NA,NA,NA,NA,NA,459_0,NA,NA,1,NA,NA,NA,NA
TOBG_NP-86.fna,87.0614999886358,NA,NA,NA,NA,NA,460_0,NA,NA,1,NA,NA,NA,NA
TOBG_SP-295.fna,74.57548834978853,NA,NA,NA,NA,NA,461_0,NA,NA,1,NA,NA,NA,NA
TOBG_ARS-68.fna,84.88006174105637,NA,NA,NA,NA,NA,462_0,NA,NA,1,NA,NA,NA,NA
TOBG_SP-2985.fna,62.2522759474376,NA,NA,NA,NA,NA,463_0,NA,NA,1,NA,NA,NA,NA
TOBG_ARS-90.fna,67.96910701658992,NA,NA,NA,NA,NA,464_0,NA,NA,1,NA,NA,NA,NA
TOBG_EAC-654.fna,55.08085428503218,NA,NA,NA,NA,NA,465_0,NA,NA,1,NA,NA,NA,NA
TOBG_MED-733.fna,77.78523822110091,NA,NA,NA,NA,NA,466_0,NA,NA,1,NA,NA,NA,NA
TOBG_SAT-1446.fna,68.15141336777607,NA,NA,NA,NA,NA,467_0,NA,NA,1,NA,NA,NA,NA
TOBG_SP-258.fna,80.0892224568082,NA,NA,NA,NA,NA,468_0,NA,NA,1,NA,NA,NA,NA
TOBG_MED-601.fna,66.74725427549889,NA,NA,NA,NA,NA,469_0,NA,NA,1,NA,NA,NA,NA
TOBG_MED-665.fna,85.1390942110937,NA,NA,NA,NA,NA,470_0,NA,NA,1,NA,NA,NA,NA
TOBG_MED-661.fna,87.3119616590091,NA,NA,NA,NA,NA,471_0,NA,NA,1,NA,NA,NA,NA
TOBG_MED-697.fna,66.37170494999268,NA,NA,NA,NA,NA,472_0,NA,NA,1,NA,NA,NA,NA
TOBG_EAC-91.fna,88.62869160002242,NA,NA,NA,NA,NA,473_0,NA,NA,1,NA,NA,NA,NA
TOBG_SAT-3.fna,94.25272478016132,NA,NA,NA,NA,NA,474_0,NA,NA,1,NA,NA,NA,NA
TOBG_CPC-52.fna,76.40423867722254,NA,NA,NA,NA,NA,475_0,NA,NA,1,NA,NA,NA,NA
TOBG_NP-75.fna,93.27102402085498,NA,NA,NA,NA,NA,476_0,NA,NA,1,NA,NA,NA,NA
TOBG_SP-30.fna,80.25586742365367,NA,NA,NA,NA,NA,477_1,NA,NA,2,97.27,97.27,NA,NA
TOBG_CPC-324.fna,41.89444630550529,NA,NA,NA,NA,NA,478_0,NA,NA,1,NA,NA,NA,NA
TOBG_SP-127.fna,74.02003972113076,NA,NA,NA,NA,NA,479_0,NA,NA,1,NA,NA,NA,NA
TOBG_SP-242.fna,69.58967393139633,NA,NA,NA,NA,NA,480_0,NA,NA,1,NA,NA,NA,NA
TOBG_SP-34.fna,69.94290800998289,NA,NA,NA,NA,NA,481_1,NA,NA,2,99.45,99.45,NA,NA
TOBG_NP-72.fna,81.16302172296811,NA,NA,NA,NA,NA,482_0,NA,NA,1,NA,NA,NA,NA
TOBG_SP-114.fna,73.71244400962361,NA,NA,NA,NA,NA,483_1,NA,NA,1,NA,NA,NA,NA
TOBG_SP-52.fna,80.03714757568936,NA,NA,NA,NA,NA,483_2,NA,NA,1,NA,NA,NA,NA
TOBG_ARS-40.fna,96.88172351115934,NA,NA,NA,NA,NA,484_1,NA,NA,2,97.27,97.27,NA,NA
TOBG_MED-659.fna,87.21357800298581,NA,NA,NA,NA,NA,484_2,NA,NA,2,96.50,96.50,NA,NA
TOBG_NP-58.fna,76.25100063098014,NA,NA,NA,NA,NA,485_0,NA,NA,1,NA,NA,NA,NA
TOBG_SP-194.fna,67.06534089232736,NA,NA,NA,NA,NA,486_0,NA,NA,1,NA,NA,NA,NA
TOBG_SP-176.fna,70.8097450926505,NA,NA,NA,NA,NA,487_0,NA,NA,1,NA,NA,NA,NA
TOBG_MED-677.fna,76.2082423910547,NA,NA,NA,NA,NA,488_1,NA,NA,1,NA,NA,NA,NA
TOBG_RS-402.fna,76.7104436274268,NA,NA,NA,NA,NA,488_2,NA,NA,1,NA,NA,NA,NA
TOBG_SAT-132.fna,81.20298880778041,NA,NA,NA,NA,NA,489_0,NA,NA,1,NA,NA,NA,NA
TOBG_MED-692.fna,89.12137247757553,NA,NA,NA,NA,NA,490_1,NA,NA,2,96.85,96.85,NA,NA
TOBG_MED-622.fna,67.90114475810641,NA,NA,NA,NA,NA,491_0,NA,NA,1,NA,NA,NA,NA
TOBG_SP-187.fna,75.62745546829635,NA,NA,NA,NA,NA,492_0,NA,NA,1,NA,NA,NA,NA
TOBG_CPC-61.fna,69.8711950963143,NA,NA,NA,NA,NA,493_0,NA,NA,1,NA,NA,NA,NA
TOBG_MED-745.fna,73.02609491572521,NA,NA,NA,NA,NA,494_0,NA,NA,1,NA,NA,NA,NA
TOBG_CPC-59.fna,70.50119775237127,NA,NA,NA,NA,NA,495_0,NA,NA,1,NA,NA,NA,NA
TOBG_NP-107.fna,83.8487790104127,NA,NA,NA,NA,NA,496_0,NA,NA,1,NA,NA,NA,NA
TOBG_SP-138.fna,73.92375436751847,NA,NA,NA,NA,NA,497_0,NA,NA,1,NA,NA,NA,NA
TOBG_MED-743.fna,64.3017263382431,NA,NA,NA,NA,NA,498_0,NA,NA,1,NA,NA,NA,NA
TOBG_SP-3068.fna,54.34745149007886,NA,NA,NA,NA,NA,499_0,NA,NA,1,NA,NA,NA,NA
TOBG_SP-88.fna,76.61993267391921,NA,NA,NA,NA,NA,500_0,NA,NA,1,NA,NA,NA,NA
TOBG_RS-392.fna,73.73046118962874,NA,NA,NA,NA,NA,501_0,NA,NA,1,NA,NA,NA,NA
TOBG_SP-2978.fna,49.07512982329506,NA,NA,NA,NA,NA,502_0,NA,NA,1,NA,NA,NA,NA
TOBG_SP-208.fna,73.79106854067825,NA,NA,NA,NA,NA,503_0,NA,NA,1,NA,NA,NA,NA
TOBG_CPC-1326.fna,60.50034032236256,NA,NA,NA,NA,NA,504_0,NA,NA,1,NA,NA,NA,NA
TOBG_SAT-2756.fna,83.1277328805588,NA,NA,NA,NA,NA,505_0,NA,NA,1,NA,NA,NA,NA
TOBG_MED-636.fna,59.54505793271337,NA,NA,NA,NA,NA,506_0,NA,NA,1,NA,NA,NA,NA
TOBG_MED-695.fna,88.38169667256754,NA,NA,NA,NA,NA,507_0,NA,NA,1,NA,NA,NA,NA
TOBG_SP-23.fna,79.86284661791704,NA,NA,NA,NA,NA,508_0,NA,NA,1,NA,NA,NA,NA
TOBG_RS-348.fna,70.13525968379878,NA,NA,NA,NA,NA,509_0,NA,NA,1,NA,NA,NA,NA
TOBG_SP-210.fna,70.48924628464715,NA,NA,NA,NA,NA,510_0,NA,NA,1,NA,NA,NA,NA
TOBG_NAT-288.fna,78.93113934857026,NA,NA,NA,NA,NA,511_1,NA,NA,2,99.64,99.64,NA,NA
TOBG_NAT-68.fna,67.93335462497242,NA,NA,NA,NA,NA,512_0,NA,NA,1,NA,NA,NA,NA
TOBG_SAT-95.fna,79.00652254994344,NA,NA,NA,NA,NA,513_0,NA,NA,1,NA,NA,NA,NA
TOBG_NP-18.fna,76.59562557734758,NA,NA,NA,NA,NA,514_0,NA,NA,1,NA,NA,NA,NA
TOBG_MED-777.fna,65.58864317780339,NA,NA,NA,NA,NA,515_0,NA,NA,1,NA,NA,NA,NA
TOBG_SP-272.fna,73.31927535806115,NA,NA,NA,NA,NA,516_0,NA,NA,1,NA,NA,NA,NA
TOBG_SAT-157.fna,61.29427861150442,NA,NA,NA,NA,NA,517_0,NA,NA,1,NA,NA,NA,NA
TOBG_NP-65.fna,80.75129583823879,NA,NA,NA,NA,NA,518_0,NA,NA,1,NA,NA,NA,NA
TOBG_SAT-1329.fna,66.40619942305779,NA,NA,NA,NA,NA,519_0,NA,NA,1,NA,NA,NA,NA
TOBG_RS-406.fna,75.26969515215886,NA,NA,NA,NA,NA,520_1,NA,NA,2,98.73,98.73,NA,NA
TOBG_NAT-154.fna,59.72275870380075,NA,NA,NA,NA,NA,521_0,NA,NA,1,NA,NA,NA,NA
TOBG_MED-899.fna,59.22816947742862,NA,NA,NA,NA,NA,522_0,NA,NA,1,NA,NA,NA,NA
TOBG_MED-707.fna,76.48152073742162,NA,NA,NA,NA,NA,523_0,NA,NA,1,NA,NA,NA,NA
TOBG_RS-604.fna,56.44350124746229,NA,NA,NA,NA,NA,524_0,NA,NA,1,NA,NA,NA,NA
TOBG_SAT-38.fna,67.10434001524504,NA,NA,NA,NA,NA,525_1,NA,NA,2,97.70,97.70,NA,NA
TOBG_IN-35.fna,71.43660213897348,NA,NA,NA,NA,NA,526_0,NA,NA,1,NA,NA,NA,NA
TOBG_SAT-164.fna,79.78351112293491,NA,NA,NA,NA,NA,527_1,NA,NA,2,98.01,98.01,NA,NA
TOBG_SAT-165.fna,75.0318317179228,NA,NA,NA,NA,NA,528_0,NA,NA,1,NA,NA,NA,NA
TOBG_MED-1093.fna,49.15207381043936,NA,NA,NA,NA,NA,529_0,NA,NA,1,NA,NA,NA,NA
TOBG_NP-1521.fna,72.87930688234988,NA,NA,NA,NA,NA,530_0,NA,NA,1,NA,NA,NA,NA
TOBG_NP-965.fna,52.4352455882677,NA,NA,NA,NA,NA,531_0,NA,NA,1,NA,NA,NA,NA
TOBG_NAT-139.fna,80.66237522801966,NA,NA,NA,NA,NA,532_0,NA,NA,1,NA,NA,NA,NA
TOBG_SP-3063.fna,58.3069519398564,NA,NA,NA,NA,NA,533_0,NA,NA,1,NA,NA,NA,NA
TOBG_SAT-1553.fna,57.61436548774903,NA,NA,NA,NA,NA,534_1,NA,NA,1,NA,NA,NA,NA
TOBG_SP-3014.fna,64.82875856470025,NA,NA,NA,NA,NA,534_2,NA,NA,1,NA,NA,NA,NA
TOBG_ARS-60.fna,76.1676413189991,NA,NA,NA,NA,NA,535_0,NA,NA,1,NA,NA,NA,NA
TOBG_MED-738.fna,73.69677462351885,NA,NA,NA,NA,NA,536_0,NA,NA,1,NA,NA,NA,NA
TOBG_NP-956.fna,36.42841894123288,NA,NA,NA,NA,NA,537_0,NA,NA,1,NA,NA,NA,NA
TOBG_SAT-1510.fna,56.38713784731296,NA,NA,NA,NA,NA,538_0,NA,NA,1,NA,NA,NA,NA
TOBG_SP-3074.fna,54.05104729332573,NA,NA,NA,NA,NA,539_0,NA,NA,1,NA,NA,NA,NA
TOBG_SAT-1508.fna,54.90810013868009,NA,NA,NA,NA,NA,540_1,NA,NA,2,97.80,97.80,NA,NA
TOBG_EAC-30.fna,74.72655115575576,NA,NA,NA,NA,NA,541_0,NA,NA,1,NA,NA,NA,NA
TOBG_SP-3024.fna,62.76383072723695,NA,NA,NA,NA,NA,542_0,NA,NA,1,NA,NA,NA,NA
TOBG_SP-3059.fna,59.57753045258543,NA,NA,NA,NA,NA,543_0,NA,NA,1,NA,NA,NA,NA
TOBG_NP-68.fna,79.39916007363132,NA,NA,NA,NA,NA,544_1,NA,NA,2,96.75,96.75,NA,NA
TOBG_SP-2979.fna,39.09894956110229,NA,NA,NA,NA,NA,545_0,NA,NA,1,NA,NA,NA,NA
TOBG_NAT-188.fna,77.62831142467321,NA,NA,NA,NA,NA,546_0,NA,NA,1,NA,NA,NA,NA
TOBG_EAC-35.fna,66.73092295439767,NA,NA,NA,NA,NA,547_1,NA,NA,3,98.34,98.15,NA,NA
TOBG_ARS-42.fna,80.25621311337973,NA,NA,NA,NA,NA,548_1,NA,NA,4,99.57,98.05,NA,NA
TOBG_RS-391.fna,71.00298880778043,NA,NA,NA,NA,NA,549_0,NA,NA,1,NA,NA,NA,NA
TOBG_SP-281.fna,73.68451304894334,NA,NA,NA,NA,NA,550_0,NA,NA,1,NA,NA,NA,NA
TOBG_NAT-284.fna,59.87688516778709,NA,NA,NA,NA,NA,551_1,NA,NA,2,98.73,98.73,NA,NA
TOBG_SP-219.fna,85.52927844827782,NA,NA,NA,NA,NA,552_1,NA,NA,2,96.16,96.16,NA,NA
TOBG_SP-160.fna,73.84078812856154,NA,NA,NA,NA,NA,553_0,NA,NA,1,NA,NA,NA,NA
TOBG_SAT-1608.fna,58.705800000780194,NA,NA,NA,NA,NA,554_1,NA,NA,2,98.69,98.69,NA,NA
TOBG_MED-837.fna,60.14452057227841,NA,NA,NA,NA,NA,555_0,NA,NA,1,NA,NA,NA,NA
TOBG_NP-20.fna,65.30497298705892,NA,NA,NA,NA,NA,556_0,NA,NA,1,NA,NA,NA,NA
TOBG_RS-387.fna,64.17540201641083,NA,NA,NA,NA,NA,557_0,NA,NA,1,NA,NA,NA,NA
TOBG_SP-24.fna,75.36736600422253,NA,NA,NA,NA,NA,558_0,NA,NA,1,NA,NA,NA,NA
TOBG_RS-371.fna,69.57354009421817,NA,NA,NA,NA,NA,559_0,NA,NA,1,NA,NA,NA,NA
TOBG_RS-819.fna,77.68354489046271,NA,NA,NA,NA,NA,560_1,NA,NA,2,98.29,98.29,NA,NA
TOBG_SP-3044.fna,55.87542746054175,NA,NA,NA,NA,NA,560_2,NA,NA,1,NA,NA,NA,NA
TOBG_NAT-118.fna,64.94929979623436,NA,NA,NA,NA,NA,561_1,NA,NA,2,99.29,99.29,NA,NA
TOBG_SAT-181.fna,61.24608532941623,NA,NA,NA,NA,NA,562_1,NA,NA,2,98.96,98.96,NA,NA
TOBG_RS-388.fna,71.57288890209313,NA,NA,NA,NA,NA,563_1,NA,NA,2,97.34,97.34,NA,NA
TOBG_RS-420.fna,92.796517884335,NA,NA,NA,NA,NA,564_1,NA,NA,2,97.83,97.83,NA,NA
TOBG_SAT-13.fna,92.3179898666808,NA,NA,NA,NA,NA,564_2,NA,NA,1,NA,NA,NA,NA
TOBG_SAT-182.fna,90.17994920074813,NA,NA,NA,NA,NA,565_0,NA,NA,1,NA,NA,NA,NA
TOBG_SAT-206.fna,79.44074926339151,NA,NA,NA,NA,NA,566_0,NA,NA,1,NA,NA,NA,NA
TOBG_MED-590.fna,72.83555116517806,NA,NA,NA,NA,NA,567_0,NA,NA,1,NA,NA,NA,NA
TOBG_SP-4023.fna,54.83795304011876,NA,NA,NA,NA,NA,568_0,NA,NA,1,NA,NA,NA,NA
TOBG_NP-28.fna,97.64266027125949,NA,NA,NA,NA,NA,569_1,NA,NA,2,99.82,99.82,NA,NA
TOBG_IN-3.fna,98.50921467809547,NA,NA,NA,NA,NA,570_0,NA,NA,1,NA,NA,NA,NA
TOBG_SP-319.fna,76.93075343235772,NA,NA,NA,NA,NA,571_0,NA,NA,1,NA,NA,NA,NA
TOBG_NAT-172.fna,72.66342059971213,NA,NA,NA,NA,NA,572_0,NA,NA,1,NA,NA,NA,NA
TOBG_SP-2972.fna,44.038693427846,NA,NA,NA,NA,NA,573_0,NA,NA,1,NA,NA,NA,NA
TOBG_SP-248.fna,76.4430415152505,NA,NA,NA,NA,NA,574_1,NA,NA,1,NA,NA,NA,NA
TOBG_SP-4044.fna,46.60119798456714,NA,NA,NA,NA,NA,574_2,NA,NA,1,NA,NA,NA,NA
TOBG_SP-4045.fna,54.37695776447232,NA,NA,NA,NA,NA,575_0,NA,NA,1,NA,NA,NA,NA
TOBG_SP-257.fna,81.00702587320806,NA,NA,NA,NA,NA,576_0,NA,NA,1,NA,NA,NA,NA
TOBG_CPC-17.fna,96.33148239688887,NA,NA,NA,NA,NA,577_0,NA,NA,1,NA,NA,NA,NA
TOBG_SP-182.fna,95.82386637983012,NA,NA,NA,NA,NA,578_0,NA,NA,1,NA,NA,NA,NA
TOBG_NP-92.fna,97.62031336084638,NA,NA,NA,NA,NA,579_1,NA,NA,3,99.89,98.24,NA,NA
TOBG_SP-2.fna,98.56461375983548,NA,NA,NA,NA,NA,580_1,NA,NA,4,98.76,98.67,NA,NA
TOBG_SAT-92.fna,96.70764827057496,NA,NA,NA,NA,NA,581_0,NA,NA,1,NA,NA,NA,NA
TOBG_CPC-64.fna,90.46982421478174,NA,NA,NA,NA,NA,582_0,NA,NA,1,NA,NA,NA,NA
TOBG_SP-216.fna,84.12887748992723,NA,NA,NA,NA,NA,583_0,NA,NA,1,NA,NA,NA,NA
TOBG_NP-42.fna,63.190705998987,NA,NA,NA,NA,NA,584_1,NA,NA,1,NA,NA,NA,NA
TOBG_SAT-1462.fna,56.20595918018141,NA,NA,NA,NA,NA,584_2,NA,NA,1,NA,NA,NA,NA
TOBG_MED-592.fna,76.40502574822949,NA,NA,NA,NA,NA,585_0,NA,NA,1,NA,NA,NA,NA
TOBG_SAT-69.fna,75.09435560414944,NA,NA,NA,NA,NA,586_0,NA,NA,1,NA,NA,NA,NA
TOBG_MED-753.fna,72.69704718333128,NA,NA,NA,NA,NA,587_0,NA,NA,1,NA,NA,NA,NA
TOBG_SAT-217.fna,73.32247605233157,NA,NA,NA,NA,NA,588_0,NA,NA,1,NA,NA,NA,NA
TOBG_MED-718.fna,75.15499865201427,NA,NA,NA,NA,NA,589_0,NA,NA,1,NA,NA,NA,NA
TOBG_NAT-271.fna,58.02540850512923,NA,NA,NA,NA,NA,590_0,NA,NA,1,NA,NA,NA,NA
TOBG_SP-301.fna,94.40750367026337,NA,NA,NA,NA,NA,591_0,NA,NA,1,NA,NA,NA,NA
TOBG_RS-648.fna,39.16874802837166,NA,NA,NA,NA,NA,592_0,NA,NA,1,NA,NA,NA,NA
TOBG_SP-2989.fna,67.93235021456707,NA,NA,NA,NA,NA,593_0,NA,NA,1,NA,NA,NA,NA
TOBG_SP-263.fna,92.8061176507783,NA,NA,NA,NA,NA,594_0,NA,NA,1,NA,NA,NA,NA
TOBG_NAT-157.fna,93.02109101760892,NA,NA,NA,NA,NA,595_1,NA,NA,2,99.99,99.99,NA,NA
TOBG_SAT-230.fna,82.20246591369781,NA,NA,NA,NA,NA,596_0,NA,NA,1,NA,NA,NA,NA
TOBG_MED-649.fna,71.58457472713951,NA,NA,NA,NA,NA,597_1,NA,NA,1,NA,NA,NA,NA
TOBG_NAT-12.fna,67.26947895039744,NA,NA,NA,NA,NA,597_2,NA,NA,1,NA,NA,NA,NA
TOBG_NAT-90.fna,68.59554117091783,NA,NA,NA,NA,NA,598_0,NA,NA,1,NA,NA,NA,NA
TOBG_ARS-1441.fna,78.74114645249145,NA,NA,NA,NA,NA,599_0,NA,NA,1,NA,NA,NA,NA
TOBG_MED-955.fna,50.31215083495917,NA,NA,NA,NA,NA,600_0,NA,NA,1,NA,NA,NA,NA
TOBG_NP-944.fna,56.04872919282251,NA,NA,NA,NA,NA,601_0,NA,NA,1,NA,NA,NA,NA
TOBG_RS-626.fna,69.55014748554746,NA,NA,NA,NA,NA,602_0,NA,NA,1,NA,NA,NA,NA
TOBG_SP-3046.fna,42.68123631208315,NA,NA,NA,NA,NA,603_0,NA,NA,1,NA,NA,NA,NA
TOBG_CPC-296.fna,61.32626094228706,NA,NA,NA,NA,NA,604_0,NA,NA,1,NA,NA,NA,NA
TOBG_MED-740.fna,70.56455419629187,NA,NA,NA,NA,NA,605_0,NA,NA,1,NA,NA,NA,NA
TOBG_NP-142.fna,77.99076517063935,NA,NA,NA,NA,NA,606_0,NA,NA,1,NA,NA,NA,NA
TOBG_SAT-139.fna,72.80886561467078,NA,NA,NA,NA,NA,607_0,NA,NA,1,NA,NA,NA,NA
TOBG_SP-3992.fna,60.48881979875017,NA,NA,NA,NA,NA,608_0,NA,NA,1,NA,NA,NA,NA
TOBG_NAT-146.fna,65.64313257684432,NA,NA,NA,NA,NA,609_1,NA,NA,2,97.49,97.49,NA,NA
TOBG_RS-668.fna,52.294780967924034,NA,NA,NA,NA,NA,610_0,NA,NA,1,NA,NA,NA,NA
TOBG_MED-766.fna,75.24059664864892,NA,NA,NA,NA,NA,611_0,NA,NA,1,NA,NA,NA,NA
TOBG_SP-4288.fna,67.9674540359236,NA,NA,NA,NA,NA,612_1,NA,NA,2,97.02,97.02,NA,NA
TOBG_CPC-1232.fna,51.33714614077598,NA,NA,NA,NA,NA,613_0,NA,NA,1,NA,NA,NA,NA
TOBG_RS-535.fna,80.999505157755,NA,NA,NA,NA,NA,614_1,NA,NA,2,99.57,99.57,NA,NA
TOBG_SAT-228.fna,89.97009769427886,NA,NA,NA,NA,NA,615_0,NA,NA,1,NA,NA,NA,NA
TOBG_MED-591.fna,75.39623089915952,NA,NA,NA,NA,NA,616_0,NA,NA,1,NA,NA,NA,NA
TOBG_SAT-185.fna,72.3175390323633,NA,NA,NA,NA,NA,617_0,NA,NA,1,NA,NA,NA,NA
TOBG_MED-648.fna,83.64346350329387,NA,NA,NA,NA,NA,618_0,NA,NA,1,NA,NA,NA,NA
TOBG_SP-173.fna,66.27832343386956,NA,NA,NA,NA,NA,619_0,NA,NA,1,NA,NA,NA,NA
TOBG_SP-150.fna,82.41418856620047,NA,NA,NA,NA,NA,620_0,NA,NA,1,NA,NA,NA,NA
TOBG_SAT-2788.fna,73.56222390750257,NA,NA,NA,NA,NA,621_0,NA,NA,1,NA,NA,NA,NA
TOBG_SAT-79.fna,71.34421098682122,NA,NA,NA,NA,NA,622_0,NA,NA,1,NA,NA,NA,NA
TOBG_SAT-39.fna,84.20574584511077,NA,NA,NA,NA,NA,623_0,NA,NA,1,NA,NA,NA,NA
TOBG_ARS-7.fna,85.68783995295321,NA,NA,NA,NA,NA,624_0,NA,NA,1,NA,NA,NA,NA
TOBG_NP-2.fna,89.8988912181157,NA,NA,NA,NA,NA,625_0,NA,NA,1,NA,NA,NA,NA
TOBG_SP-358.fna,65.9158947684551,NA,NA,NA,NA,NA,626_0,NA,NA,1,NA,NA,NA,NA
TOBG_EAC-5.fna,102.63382922090406,NA,NA,NA,NA,NA,627_1,NA,NA,6,100.00,98.31,NA,NA
TOBG_IN-48.fna,73.95040546576823,NA,NA,NA,NA,NA,628_0,NA,NA,1,NA,NA,NA,NA
TOBG_NAT-23.fna,65.43131944907441,NA,NA,NA,NA,NA,629_0,NA,NA,1,NA,NA,NA,NA
TOBG_NP-119.fna,59.42448365020919,NA,NA,NA,NA,NA,630_0,NA,NA,1,NA,NA,NA,NA
TOBG_SAT-135.fna,88.36471218202901,NA,NA,NA,NA,NA,631_0,NA,NA,1,NA,NA,NA,NA
TOBG_SAT-1388.fna,59.5050529372811,NA,NA,NA,NA,NA,632_0,NA,NA,1,NA,NA,NA,NA
TOBG_SP-256.fna,89.26691621637383,NA,NA,NA,NA,NA,633_0,NA,NA,1,NA,NA,NA,NA
TOBG_NAT-88.fna,94.5989256718428,NA,NA,NA,NA,NA,634_0,NA,NA,1,NA,NA,NA,NA
TOBG_SP-249.fna,73.69732261521159,NA,NA,NA,NA,NA,635_0,NA,NA,1,NA,NA,NA,NA
TOBG_SP-39.fna,75.16148240332248,NA,NA,NA,NA,NA,636_0,NA,NA,1,NA,NA,NA,NA
TOBG_MED-666.fna,78.48693108602795,NA,NA,NA,NA,NA,637_0,NA,NA,1,NA,NA,NA,NA
TOBG_CPC-30.fna,82.26307656243381,NA,NA,NA,NA,NA,638_0,NA,NA,1,NA,NA,NA,NA
TOBG_SAT-166.fna,72.5963221008692,NA,NA,NA,NA,NA,639_0,NA,NA,1,NA,NA,NA,NA
TOBG_RS-678.fna,75.09057153353584,NA,NA,NA,NA,NA,640_0,NA,NA,1,NA,NA,NA,NA
TOBG_MED-651.fna,80.71040895534236,NA,NA,NA,NA,NA,641_1,NA,NA,2,95.35,95.35,NA,NA
TOBG_NAT-136.fna,80.99941692696892,NA,NA,NA,NA,NA,642_1,NA,NA,3,96.51,96.33,NA,NA
TOBG_SP-3073.fna,58.809642285181845,NA,NA,NA,NA,NA,643_0,NA,NA,1,NA,NA,NA,NA
TOBG_NAT-179.fna,96.1673644775889,NA,NA,NA,NA,NA,644_0,NA,NA,1,NA,NA,NA,NA
TOBG_NAT-217.fna,50.796406768779725,NA,NA,NA,NA,NA,645_0,NA,NA,1,NA,NA,NA,NA
TOBG_SP-306.fna,65.17578501607055,NA,NA,NA,NA,NA,646_0,NA,NA,1,NA,NA,NA,NA
TOBG_SP-71.fna,78.9833577298203,NA,NA,NA,NA,NA,647_1,NA,NA,2,97.85,97.85,NA,NA
TOBG_SP-136.fna,85.90838634921452,NA,NA,NA,NA,NA,648_0,NA,NA,1,NA,NA,NA,NA
TOBG_NAT-55.fna,67.97404112200323,NA,NA,NA,NA,NA,649_1,NA,NA,1,NA,NA,NA,NA
TOBG_RS-431.fna,61.71636692953497,NA,NA,NA,NA,NA,649_2,NA,NA,1,NA,NA,NA,NA
TOBG_SP-3105.fna,58.00896322240325,NA,NA,NA,NA,NA,650_0,NA,NA,1,NA,NA,NA,NA
TOBG_EAC-33.fna,69.45801074932125,NA,NA,NA,NA,NA,651_0,NA,NA,1,NA,NA,NA,NA
TOBG_NAT-45.fna,85.32345170824605,NA,NA,NA,NA,NA,652_0,NA,NA,1,NA,NA,NA,NA
TOBG_SAT-77.fna,71.8938236737588,NA,NA,NA,NA,NA,653_0,NA,NA,1,NA,NA,NA,NA
TOBG_MED-676.fna,72.90571376758906,NA,NA,NA,NA,NA,654_0,NA,NA,1,NA,NA,NA,NA
TOBG_MED-602.fna,85.98449350556406,NA,NA,NA,NA,NA,655_0,NA,NA,1,NA,NA,NA,NA
TOBG_NAT-163.fna,75.27027490676609,NA,NA,NA,NA,NA,656_0,NA,NA,1,NA,NA,NA,NA
TOBG_MED-779.fna,64.73148489853128,NA,NA,NA,NA,NA,657_1,NA,NA,2,96.77,96.77,NA,NA
TOBG_ARS-1.fna,50.28115088361172,NA,NA,NA,NA,NA,658_0,NA,NA,1,NA,NA,NA,NA
TOBG_MED-769.fna,59.869037826563066,NA,NA,NA,NA,NA,659_0,NA,NA,1,NA,NA,NA,NA
TOBG_NAT-175.fna,54.51551559923684,NA,NA,NA,NA,NA,660_0,NA,NA,1,NA,NA,NA,NA
TOBG_SAT-168.fna,94.94061739710202,NA,NA,NA,NA,NA,661_0,NA,NA,1,NA,NA,NA,NA
TOBG_SP-282.fna,80.93807626513777,NA,NA,NA,NA,NA,662_0,NA,NA,1,NA,NA,NA,NA
TOBG_SP-185.fna,78.66017601570908,NA,NA,NA,NA,NA,663_0,NA,NA,1,NA,NA,NA,NA
TOBG_RS-408.fna,88.13997719929891,NA,NA,NA,NA,NA,664_0,NA,NA,1,NA,NA,NA,NA
TOBG_SP-3098.fna,49.21008656890756,NA,NA,NA,NA,NA,665_0,NA,NA,1,NA,NA,NA,NA
TOBG_NAT-252.fna,60.24262438264377,NA,NA,NA,NA,NA,666_0,NA,NA,1,NA,NA,NA,NA
TOBG_SP-3040.fna,52.78655188938669,NA,NA,NA,NA,NA,667_0,NA,NA,1,NA,NA,NA,NA
TOBG_EAC-714.fna,63.851834076891336,NA,NA,NA,NA,NA,668_0,NA,NA,1,NA,NA,NA,NA
TOBG_NAT-161.fna,91.46240832570288,NA,NA,NA,NA,NA,669_0,NA,NA,1,NA,NA,NA,NA
TOBG_SP-3109.fna,50.405567458938485,NA,NA,NA,NA,NA,670_0,NA,NA,1,NA,NA,NA,NA
TOBG_MED-704.fna,91.3630759020538,NA,NA,NA,NA,NA,671_1,NA,NA,2,96.97,96.97,NA,NA
TOBG_NAT-272.fna,40.03244081831553,NA,NA,NA,NA,NA,672_0,NA,NA,1,NA,NA,NA,NA
TOBG_NP-22.fna,76.82068470210051,NA,NA,NA,NA,NA,673_0,NA,NA,1,NA,NA,NA,NA
TOBG_RS-421.fna,79.87531752775267,NA,NA,NA,NA,NA,674_0,NA,NA,1,NA,NA,NA,NA
TOBG_SP-56.fna,66.32770828420598,NA,NA,NA,NA,NA,675_0,NA,NA,1,NA,NA,NA,NA
TOBG_MED-1001.fna,57.05928942803749,NA,NA,NA,NA,NA,676_0,NA,NA,1,NA,NA,NA,NA
TOBG_MED-1076.fna,77.6577917275969,NA,NA,NA,NA,NA,677_0,NA,NA,1,NA,NA,NA,NA
TOBG_MED-652.fna,72.7936646233034,NA,NA,NA,NA,NA,678_0,NA,NA,1,NA,NA,NA,NA
TOBG_NAT-134.fna,98.89916558654376,NA,NA,NA,NA,NA,679_0,NA,NA,1,NA,NA,NA,NA
TOBG_MED-721.fna,73.35160067040556,NA,NA,NA,NA,NA,680_0,NA,NA,1,NA,NA,NA,NA
TOBG_SAT-179.fna,86.69410745677588,NA,NA,NA,NA,NA,681_0,NA,NA,1,NA,NA,NA,NA
TOBG_SP-279.fna,98.438056922375,NA,NA,NA,NA,NA,682_0,NA,NA,1,NA,NA,NA,NA
TOBG_SP-341.fna,74.37456559861724,NA,NA,NA,NA,NA,683_0,NA,NA,1,NA,NA,NA,NA
TOBG_SP-62.fna,87.96146710387814,NA,NA,NA,NA,NA,684_0,NA,NA,1,NA,NA,NA,NA
TOBG_SP-149.fna,99.84143511486074,NA,NA,NA,NA,NA,685_1,NA,NA,2,99.84,99.84,NA,NA
TOBG_SP-247.fna,86.15688919364,NA,NA,NA,NA,NA,686_0,NA,NA,1,NA,NA,NA,NA
TOBG_SAT-129.fna,89.43177287848027,NA,NA,NA,NA,NA,687_0,NA,NA,1,NA,NA,NA,NA
TOBG_NAT-166.fna,64.68120183517111,NA,NA,NA,NA,NA,688_0,NA,NA,1,NA,NA,NA,NA
TOBG_NAT-205.fna,63.86996794725259,NA,NA,NA,NA,NA,689_0,NA,NA,1,NA,NA,NA,NA
TOBG_SP-82.fna,77.9155829275416,NA,NA,NA,NA,NA,690_0,NA,NA,1,NA,NA,NA,NA
TOBG_CPC-309.fna,42.98688802568515,NA,NA,NA,NA,NA,691_0,NA,NA,1,NA,NA,NA,NA
TOBG_NAT-231.fna,64.77428605463093,NA,NA,NA,NA,NA,692_0,NA,NA,1,NA,NA,NA,NA
TOBG_SP-283.fna,66.1235915602658,NA,NA,NA,NA,NA,693_0,NA,NA,1,NA,NA,NA,NA
TOBG_SP-190.fna,77.54526598920349,NA,NA,NA,NA,NA,694_1,NA,NA,2,97.81,97.81,NA,NA
TOBG_MED-1247.fna,66.72966598566046,NA,NA,NA,NA,NA,694_2,NA,NA,1,NA,NA,NA,NA
TOBG_SAT-1342.fna,58.24471917365285,NA,NA,NA,NA,NA,695_0,NA,NA,1,NA,NA,NA,NA
TOBG_NP-104.fna,73.16246002195624,NA,NA,NA,NA,NA,696_0,NA,NA,1,NA,NA,NA,NA
TOBG_RS-352.fna,66.952302137669,NA,NA,NA,NA,NA,697_0,NA,NA,1,NA,NA,NA,NA
TOBG_SAT-104.fna,94.23223308102428,NA,NA,NA,NA,NA,698_1,NA,NA,2,99.78,99.78,NA,NA
TOBG_MED-603.fna,74.90382289853126,NA,NA,NA,NA,NA,699_1,NA,NA,1,NA,NA,NA,NA
TOBG_MED-604.fna,75.35823485011981,NA,NA,NA,NA,NA,699_2,NA,NA,1,NA,NA,NA,NA
TOBG_CPC-41.fna,93.3744282119635,NA,NA,NA,NA,NA,700_1,NA,NA,2,99.91,99.91,NA,NA
TOBG_MED-734.fna,75.87297576806775,NA,NA,NA,NA,NA,701_0,NA,NA,1,NA,NA,NA,NA
TOBG_SAT-65.fna,71.81076905984504,NA,NA,NA,NA,NA,702_0,NA,NA,1,NA,NA,NA,NA
TOBG_SAT-43.fna,99.06497283091063,NA,NA,NA,NA,NA,703_0,NA,NA,1,NA,NA,NA,NA
TOBG_SP-162.fna,101.17672363724836,NA,NA,NA,NA,NA,704_0,NA,NA,1,NA,NA,NA,NA
TOBG_NAT-258.fna,48.08149739146374,NA,NA,NA,NA,NA,705_0,NA,NA,1,NA,NA,NA,NA
TOBG_NP-89.fna,96.23600976801434,NA,NA,NA,NA,NA,706_0,NA,NA,1,NA,NA,NA,NA
TOBG_SP-167.fna,97.21456286398757,NA,NA,NA,NA,NA,707_1,NA,NA,2,99.97,99.97,NA,NA
TOBG_SAT-101.fna,94.76799499664452,NA,NA,NA,NA,NA,708_1,NA,NA,4,99.25,98.67,NA,NA
TOBG_SP-45.fna,68.94149198797226,NA,NA,NA,NA,NA,709_1,NA,NA,2,98.23,98.23,NA,NA
TOBG_SAT-105.fna,90.7553829773644,NA,NA,NA,NA,NA,710_1,NA,NA,2,95.56,95.56,NA,NA
TOBG_MED-682.fna,65.9118276962867,NA,NA,NA,NA,NA,711_0,NA,NA,1,NA,NA,NA,NA
TOBG_EAC-74.fna,102.77086845932412,NA,NA,NA,NA,NA,712_1,NA,NA,2,99.83,99.83,NA,NA
TOBG_SP-104.fna,83.61303919959337,NA,NA,NA,NA,NA,713_0,NA,NA,1,NA,NA,NA,NA
TOBG_NAT-15.fna,82.59715875998747,NA,NA,NA,NA,NA,714_1,NA,NA,3,99.32,99.25,NA,NA
TOBG_CPC-9.fna,88.70001699627795,NA,NA,NA,NA,NA,715_0,NA,NA,1,NA,NA,NA,NA
TOBG_SAT-51.fna,73.90993252517643,NA,NA,NA,NA,NA,716_1,NA,NA,2,99.78,99.78,NA,NA
TOBG_NAT-92.fna,88.52921332006856,NA,NA,NA,NA,NA,717_1,NA,NA,3,99.85,99.84,NA,NA
TOBG_EAC-68.fna,69.57126469717072,NA,NA,NA,NA,NA,718_0,NA,NA,1,NA,NA,NA,NA
TOBG_ARS-1018.fna,61.61561220478592,NA,NA,NA,NA,NA,719_0,NA,NA,1,NA,NA,NA,NA
TOBG_ARS-1199.fna,87.75096816764233,NA,NA,NA,NA,NA,720_0,NA,NA,1,NA,NA,NA,NA
TOBG_NAT-165.fna,75.20736944557031,NA,NA,NA,NA,NA,721_0,NA,NA,1,NA,NA,NA,NA
TOBG_MED-614.fna,57.75284718616115,NA,NA,NA,NA,NA,722_0,NA,NA,1,NA,NA,NA,NA
TOBG_MED-853.fna,56.37711153355884,NA,NA,NA,NA,NA,723_0,NA,NA,1,NA,NA,NA,NA
TOBG_RS-428.fna,56.37058442476068,NA,NA,NA,NA,NA,724_0,NA,NA,1,NA,NA,NA,NA
TOBG_SAT-1289.fna,51.233176398648695,NA,NA,NA,NA,NA,725_0,NA,NA,1,NA,NA,NA,NA
TOBG_MED-735.fna,55.28783917308536,NA,NA,NA,NA,NA,726_0,NA,NA,1,NA,NA,NA,NA
TOBG_SAT-107.fna,51.58322308667458,NA,NA,NA,NA,NA,727_0,NA,NA,1,NA,NA,NA,NA
TOBG_MED-818.fna,64.50974653395406,NA,NA,NA,NA,NA,728_1,NA,NA,2,95.01,95.01,NA,NA
TOBG_MED-763.fna,60.13757838428093,NA,NA,NA,NA,NA,729_0,NA,NA,1,NA,NA,NA,NA
TOBG_MED-619.fna,78.6626503517966,NA,NA,NA,NA,NA,730_0,NA,NA,1,NA,NA,NA,NA
TOBG_MED-762.fna,62.08399416694125,NA,NA,NA,NA,NA,731_0,NA,NA,1,NA,NA,NA,NA
TOBG_MED-796.fna,69.84582802174906,NA,NA,NA,NA,NA,732_0,NA,NA,1,NA,NA,NA,NA
TOBG_MED-623.fna,53.008097696477776,NA,NA,NA,NA,NA,733_0,NA,NA,1,NA,NA,NA,NA
TOBG_NAT-236.fna,50.14701209037854,NA,NA,NA,NA,NA,734_0,NA,NA,1,NA,NA,NA,NA
TOBG_SAT-226.fna,64.28186673189406,NA,NA,NA,NA,NA,735_0,NA,NA,1,NA,NA,NA,NA
TOBG_MED-621.fna,81.32961719420716,NA,NA,NA,NA,NA,736_1,NA,NA,2,97.26,97.26,NA,NA
TOBG_ARS-86.fna,94.79704578856226,NA,NA,NA,NA,NA,737_1,NA,NA,2,96.58,96.58,NA,NA
TOBG_SAT-175.fna,76.89448224513181,NA,NA,NA,NA,NA,738_0,NA,NA,1,NA,NA,NA,NA
TOBG_SP-19.fna,96.5292041392471,NA,NA,NA,NA,NA,739_0,NA,NA,1,NA,NA,NA,NA
TOBG_NAT-248.fna,55.81367009730352,NA,NA,NA,NA,NA,740_1,NA,NA,1,NA,NA,NA,NA
TOBG_SP-3028.fna,42.4520094711221,NA,NA,NA,NA,NA,740_2,NA,NA,1,NA,NA,NA,NA
TOBG_CPC-323.fna,69.39089966821726,NA,NA,NA,NA,NA,741_0,NA,NA,1,NA,NA,NA,NA
TOBG_SP-29.fna,70.1271321738494,NA,NA,NA,NA,NA,742_0,NA,NA,1,NA,NA,NA,NA
TOBG_SAT-49.fna,100.11563644551306,NA,NA,NA,NA,NA,743_1,NA,NA,3,99.79,99.57,NA,NA
TOBG_IN-17.fna,100.08849787885671,NA,NA,NA,NA,NA,744_1,NA,NA,2,99.14,99.14,NA,NA
TOBG_SAT-99.fna,92.90817039129888,NA,NA,NA,NA,NA,745_0,NA,NA,1,NA,NA,NA,NA
TOBG_EAC-92.fna,83.14749643432856,NA,NA,NA,NA,NA,746_1,NA,NA,3,97.93,97.82,NA,NA
TOBG_SAT-25.fna,70.62131042632817,NA,NA,NA,NA,NA,747_0,NA,NA,1,NA,NA,NA,NA
TOBG_MED-654.fna,78.75400533685352,NA,NA,NA,NA,NA,748_1,NA,NA,1,NA,NA,NA,NA
TOBG_RS-438.fna,53.7040782883702,NA,NA,NA,NA,NA,748_2,NA,NA,1,NA,NA,NA,NA
TOBG_NAT-41.fna,50.264023798494456,NA,NA,NA,NA,NA,749_0,NA,NA,1,NA,NA,NA,NA
TOBG_SAT-106.fna,100.66222329174276,NA,NA,NA,NA,NA,750_1,NA,NA,3,99.85,98.19,NA,NA
TOBG_NAT-5.fna,72.26872377416349,NA,NA,NA,NA,NA,750_2,NA,NA,1,NA,NA,NA,NA
TOBG_CPC-70.fna,101.08063620556544,NA,NA,NA,NA,NA,751_1,NA,NA,2,99.98,99.98,NA,NA
TOBG_SP-75.fna,88.50400914832584,NA,NA,NA,NA,NA,751_2,NA,NA,1,NA,NA,NA,NA
TOBG_EAC-108.fna,96.51779054417148,NA,NA,NA,NA,NA,752_0,NA,NA,1,NA,NA,NA,NA
TOBG_EAC-109.fna,94.48502741993588,NA,NA,NA,NA,NA,753_0,NA,NA,1,NA,NA,NA,NA
TOBG_EAC-46.fna,65.781647143417,NA,NA,NA,NA,NA,754_0,NA,NA,1,NA,NA,NA,NA
TOBG_SAT-1509.fna,61.42369725308392,NA,NA,NA,NA,NA,755_0,NA,NA,1,NA,NA,NA,NA
TOBG_NAT-111.fna,87.64299335186465,NA,NA,NA,NA,NA,756_0,NA,NA,1,NA,NA,NA,NA
TOBG_SP-11.fna,94.78837805775991,NA,NA,NA,NA,NA,757_0,NA,NA,1,NA,NA,NA,NA
TOBG_NP-11.fna,53.90463504421393,NA,NA,NA,NA,NA,758_0,NA,NA,1,NA,NA,NA,NA
TOBG_SAT-19.fna,68.50118415710082,NA,NA,NA,NA,NA,759_1,NA,NA,2,98.39,98.39,NA,NA
TOBG_MED-588.fna,81.28681501173453,NA,NA,NA,NA,NA,760_0,NA,NA,1,NA,NA,NA,NA
TOBG_SAT-130.fna,81.1045990005714,NA,NA,NA,NA,NA,761_0,NA,NA,1,NA,NA,NA,NA
TOBG_SP-70.fna,73.59878665468021,NA,NA,NA,NA,NA,762_0,NA,NA,1,NA,NA,NA,NA
TOBG_SAT-141.fna,72.25015614459424,NA,NA,NA,NA,NA,763_0,NA,NA,1,NA,NA,NA,NA
TOBG_ARS-95.fna,59.64781929808805,NA,NA,NA,NA,NA,764_0,NA,NA,1,NA,NA,NA,NA
TOBG_SAT-138.fna,83.66099050002173,NA,NA,NA,NA,NA,765_0,NA,NA,1,NA,NA,NA,NA
TOBG_NP-55.fna,62.22238920740974,NA,NA,NA,NA,NA,766_0,NA,NA,1,NA,NA,NA,NA
TOBG_NP-932.fna,55.79533979791193,NA,NA,NA,NA,NA,767_0,NA,NA,1,NA,NA,NA,NA
TOBG_NAT-203.fna,45.83191611023676,NA,NA,NA,NA,NA,768_0,NA,NA,1,NA,NA,NA,NA
TOBG_NAT-422.fna,79.3612578806483,NA,NA,NA,NA,NA,769_0,NA,NA,1,NA,NA,NA,NA
TOBG_SAT-154.fna,74.11680401207684,NA,NA,NA,NA,NA,770_0,NA,NA,1,NA,NA,NA,NA
TOBG_MED-1105.fna,61.33582812637824,NA,NA,NA,NA,NA,771_0,NA,NA,1,NA,NA,NA,NA
TOBG_SP-2983.fna,40.89882577086684,NA,NA,NA,NA,NA,772_0,NA,NA,1,NA,NA,NA,NA
TOBG_RS-389.fna,78.21148335778844,NA,NA,NA,NA,NA,773_1,NA,NA,3,97.76,97.07,NA,NA
TOBG_RS-350.fna,92.56087707468087,NA,NA,NA,NA,NA,774_1,NA,NA,2,98.28,98.28,NA,NA
TOBG_EAC-682.fna,35.865538159060655,NA,NA,NA,NA,NA,775_0,NA,NA,1,NA,NA,NA,NA
TOBG_SP-4388.fna,80.64347895423332,NA,NA,NA,NA,NA,776_0,NA,NA,1,NA,NA,NA,NA
TOBG_MED-673.fna,81.65671709878951,NA,NA,NA,NA,NA,777_0,NA,NA,1,NA,NA,NA,NA
TOBG_NAT-52.fna,84.99209568532049,NA,NA,NA,NA,NA,778_0,NA,NA,1,NA,NA,NA,NA
TOBG_SP-3971.fna,78.03934706777021,NA,NA,NA,NA,NA,779_1,NA,NA,2,98.03,98.03,NA,NA
TOBG_RS-365.fna,76.3896246087858,NA,NA,NA,NA,NA,780_0,NA,NA,1,NA,NA,NA,NA
TOBG_MED-972.fna,43.637146348133456,NA,NA,NA,NA,NA,781_0,NA,NA,1,NA,NA,NA,NA
TOBG_NAT-200.fna,57.801053278413605,NA,NA,NA,NA,NA,782_0,NA,NA,1,NA,NA,NA,NA
TOBG_MED-806.fna,43.12183651886977,NA,NA,NA,NA,NA,783_0,NA,NA,1,NA,NA,NA,NA
TOBG_SP-3111.fna,35.74490296305634,NA,NA,NA,NA,NA,784_0,NA,NA,1,NA,NA,NA,NA
TOBG_SP-3097.fna,61.22443944408651,NA,NA,NA,NA,NA,785_0,NA,NA,1,NA,NA,NA,NA
TOBG_SP-3119.fna,36.23811853827371,NA,NA,NA,NA,NA,786_0,NA,NA,1,NA,NA,NA,NA
TOBG_NAT-221.fna,61.016805148177646,NA,NA,NA,NA,NA,787_0,NA,NA,1,NA,NA,NA,NA
TOBG_SP-342.fna,70.41695536011603,NA,NA,NA,NA,NA,788_0,NA,NA,1,NA,NA,NA,NA
TOBG_ARS-1176.fna,70.48755349235222,NA,NA,NA,NA,NA,789_0,NA,NA,1,NA,NA,NA,NA
TOBG_SP-328.fna,87.93481940037263,NA,NA,NA,NA,NA,790_0,NA,NA,1,NA,NA,NA,NA
TOBG_EAC-649.fna,65.48495645624229,NA,NA,NA,NA,NA,791_1,NA,NA,2,97.71,97.71,NA,NA
TOBG_MED-746.fna,65.14211738340632,NA,NA,NA,NA,NA,791_2,NA,NA,1,NA,NA,NA,NA
TOBG_SAT-2619.fna,69.5747630235457,NA,NA,NA,NA,NA,792_0,NA,NA,1,NA,NA,NA,NA
TOBG_NAT-224.fna,62.44840672287487,NA,NA,NA,NA,NA,793_0,NA,NA,1,NA,NA,NA,NA
TOBG_MED-598.fna,93.73447436447248,NA,NA,NA,NA,NA,794_0,NA,NA,1,NA,NA,NA,NA
TOBG_MED-645.fna,98.08056545221046,NA,NA,NA,NA,NA,795_0,NA,NA,1,NA,NA,NA,NA
TOBG_SP-108.fna,65.01777585916945,NA,NA,NA,NA,NA,796_0,NA,NA,1,NA,NA,NA,NA
TOBG_EAC-11.fna,90.61091777962504,NA,NA,NA,NA,NA,797_1,NA,NA,1,NA,NA,NA,NA
TOBG_MED-829.fna,69.08600052875614,NA,NA,NA,NA,NA,797_2,NA,NA,1,NA,NA,NA,NA
TOBG_EAC-78.fna,59.925216937586285,NA,NA,NA,NA,NA,798_0,NA,NA,1,NA,NA,NA,NA
TOBG_MED-757.fna,68.87646632256032,NA,NA,NA,NA,NA,799_0,NA,NA,1,NA,NA,NA,NA
TOBG_SP-3060.fna,55.30002897721226,NA,NA,NA,NA,NA,800_0,NA,NA,1,NA,NA,NA,NA
TOBG_SP-84.fna,76.9550612257022,NA,NA,NA,NA,NA,801_0,NA,NA,1,NA,NA,NA,NA
TOBG_MED-713.fna,79.8668224856184,NA,NA,NA,NA,NA,802_1,NA,NA,2,97.09,97.09,NA,NA
TOBG_NAT-510.fna,71.59959003755745,NA,NA,NA,NA,NA,803_0,NA,NA,1,NA,NA,NA,NA
TOBG_SAT-211.fna,66.79119001000812,NA,NA,NA,NA,NA,804_0,NA,NA,1,NA,NA,NA,NA
TOBG_NAT-509.fna,58.39401853903611,NA,NA,NA,NA,NA,805_0,NA,NA,1,NA,NA,NA,NA
TOBG_MED-731.fna,83.96855709375478,NA,NA,NA,NA,NA,806_1,NA,NA,3,95.73,95.56,NA,NA
TOBG_NAT-430.fna,54.478563102669554,NA,NA,NA,NA,NA,807_0,NA,NA,1,NA,NA,NA,NA
TOBG_SP-78.fna,78.86121363222635,NA,NA,NA,NA,NA,808_0,NA,NA,1,NA,NA,NA,NA
TOBG_EAC-117.fna,58.93408360142774,NA,NA,NA,NA,NA,809_0,NA,NA,1,NA,NA,NA,NA
TOBG_SAT-1450.fna,69.88313719990684,NA,NA,NA,NA,NA,810_0,NA,NA,1,NA,NA,NA,NA
TOBG_NAT-74.fna,85.93252240351842,NA,NA,NA,NA,NA,811_0,NA,NA,1,NA,NA,NA,NA
TOBG_NAT-62.fna,82.6205494192268,NA,NA,NA,NA,NA,812_0,NA,NA,1,NA,NA,NA,NA
TOBG_NAT-81.fna,74.10349898869188,NA,NA,NA,NA,NA,813_1,NA,NA,3,98.05,96.98,NA,NA
TOBG_SP-142.fna,83.81691296333332,NA,NA,NA,NA,NA,814_0,NA,NA,1,NA,NA,NA,NA
TOBG_NAT-1.fna,63.996387176627564,NA,NA,NA,NA,NA,815_0,NA,NA,1,NA,NA,NA,NA
TOBG_CPC-53.fna,83.79573547185788,NA,NA,NA,NA,NA,816_1,NA,NA,3,99.23,99.21,NA,NA
TOBG_RS-826.fna,70.77939424174691,NA,NA,NA,NA,NA,817_0,NA,NA,1,NA,NA,NA,NA
TOBG_SP-4360.fna,71.28267225559578,NA,NA,NA,NA,NA,818_0,NA,NA,1,NA,NA,NA,NA
TOBG_SP-102.fna,74.3607940874557,NA,NA,NA,NA,NA,819_0,NA,NA,1,NA,NA,NA,NA
TOBG_SP-3966.fna,52.6530920722569,NA,NA,NA,NA,NA,820_0,NA,NA,1,NA,NA,NA,NA
TOBG_SP-188.fna,91.42182433910692,NA,NA,NA,NA,NA,821_1,NA,NA,3,96.88,96.83,NA,NA
TOBG_SP-343.fna,81.14426050417578,NA,NA,NA,NA,NA,822_0,NA,NA,1,NA,NA,NA,NA
TOBG_NAT-220.fna,39.67280742469775,NA,NA,NA,NA,NA,823_0,NA,NA,1,NA,NA,NA,NA
TOBG_RS-416.fna,68.96326987388768,NA,NA,NA,NA,NA,824_0,NA,NA,1,NA,NA,NA,NA
TOBG_NAT-241.fna,47.264789418717285,NA,NA,NA,NA,NA,825_0,NA,NA,1,NA,NA,NA,NA
TOBG_MED-732.fna,58.59617540553494,NA,NA,NA,NA,NA,826_0,NA,NA,1,NA,NA,NA,NA
TOBG_SP-292.fna,95.3925798300594,NA,NA,NA,NA,NA,827_0,NA,NA,1,NA,NA,NA,NA
TOBG_EAC-34.fna,89.02905393516764,NA,NA,NA,NA,NA,828_1,NA,NA,4,98.35,96.79,NA,NA
TOBG_MED-1233.fna,36.13404527125927,NA,NA,NA,NA,NA,829_0,NA,NA,1,NA,NA,NA,NA
TOBG_MED-736.fna,72.88674111305598,NA,NA,NA,NA,NA,830_0,NA,NA,1,NA,NA,NA,NA
TOBG_NAT-18.fna,86.49729280115146,NA,NA,NA,NA,NA,831_0,NA,NA,1,NA,NA,NA,NA
TOBG_MED-835.fna,58.21336258839124,NA,NA,NA,NA,NA,832_0,NA,NA,1,NA,NA,NA,NA
TOBG_SP-196.fna,90.30202605004288,NA,NA,NA,NA,NA,833_0,NA,NA,1,NA,NA,NA,NA
TOBG_SP-267.fna,96.01108049421752,NA,NA,NA,NA,NA,834_0,NA,NA,1,NA,NA,NA,NA
TOBG_MED-712.fna,70.66394204869032,NA,NA,NA,NA,NA,835_0,NA,NA,1,NA,NA,NA,NA
TOBG_SP-224.fna,70.58750720190567,NA,NA,NA,NA,NA,836_0,NA,NA,1,NA,NA,NA,NA
TOBG_SP-344.fna,93.54790917151352,NA,NA,NA,NA,NA,837_1,NA,NA,3,96.17,96.06,NA,NA
TOBG_MED-744.fna,57.53266319860605,NA,NA,NA,NA,NA,838_0,NA,NA,1,NA,NA,NA,NA
TOBG_MED-747.fna,90.23392152899984,NA,NA,NA,NA,NA,839_0,NA,NA,1,NA,NA,NA,NA
TOBG_CPC-97.fna,70.59979456673226,NA,NA,NA,NA,NA,840_1,NA,NA,1,NA,NA,NA,NA
TOBG_MED-596.fna,71.21446553559737,NA,NA,NA,NA,NA,840_2,NA,NA,1,NA,NA,NA,NA
TOBG_MED-703.fna,75.15595386045742,NA,NA,NA,NA,NA,841_0,NA,NA,1,NA,NA,NA,NA
TOBG_RS-820.fna,88.31770888962677,NA,NA,NA,NA,NA,842_0,NA,NA,1,NA,NA,NA,NA
TOBG_SP-262.fna,78.88488328450141,NA,NA,NA,NA,NA,843_0,NA,NA,1,NA,NA,NA,NA
TOBG_SP-316.fna,84.90759165692035,NA,NA,NA,NA,NA,844_0,NA,NA,1,NA,NA,NA,NA
TOBG_MED-589.fna,77.7990662486323,NA,NA,NA,NA,NA,845_0,NA,NA,1,NA,NA,NA,NA
TOBG_NAT-190.fna,75.28177110034713,NA,NA,NA,NA,NA,846_0,NA,NA,1,NA,NA,NA,NA
TOBG_NP-132.fna,99.32913010084737,NA,NA,NA,NA,NA,847_0,NA,NA,1,NA,NA,NA,NA
TOBG_MED-650.fna,58.54532627362416,NA,NA,NA,NA,NA,848_0,NA,NA,1,NA,NA,NA,NA
TOBG_RS-344.fna,74.16854555613698,NA,NA,NA,NA,NA,849_0,NA,NA,1,NA,NA,NA,NA
TOBG_MED-831.fna,58.97635726783815,NA,NA,NA,NA,NA,850_0,NA,NA,1,NA,NA,NA,NA
TOBG_EAC-657.fna,57.09290810414092,NA,NA,NA,NA,NA,851_0,NA,NA,1,NA,NA,NA,NA
TOBG_NAT-40.fna,73.62741717779166,NA,NA,NA,NA,NA,852_0,NA,NA,1,NA,NA,NA,NA
TOBG_MED-850.fna,59.763008871961134,NA,NA,NA,NA,NA,853_0,NA,NA,1,NA,NA,NA,NA
TOBG_NAT-70.fna,77.34915468725879,NA,NA,NA,NA,NA,854_0,NA,NA,1,NA,NA,NA,NA
TOBG_NAT-39.fna,60.92365172543339,NA,NA,NA,NA,NA,855_0,NA,NA,1,NA,NA,NA,NA
TOBG_NP-970.fna,52.65735963452511,NA,NA,NA,NA,NA,856_0,NA,NA,1,NA,NA,NA,NA
TOBG_ARS-1019.fna,60.5640914326673,NA,NA,NA,NA,NA,857_0,NA,NA,1,NA,NA,NA,NA
TOBG_EAC-81.fna,60.51828494610665,NA,NA,NA,NA,NA,858_0,NA,NA,1,NA,NA,NA,NA
TOBG_CPC-3.fna,83.10413667760369,NA,NA,NA,NA,NA,859_0,NA,NA,1,NA,NA,NA,NA
TOBG_NAT-535.fna,77.34620441105112,NA,NA,NA,NA,NA,860_1,NA,NA,3,98.64,95.39,NA,NA
TOBG_SP-4154.fna,76.48611502556807,NA,NA,NA,NA,NA,861_0,NA,NA,1,NA,NA,NA,NA
TOBG_RS-419.fna,77.23669842169878,NA,NA,NA,NA,NA,862_0,NA,NA,1,NA,NA,NA,NA
TOBG_SP-89.fna,52.89464034733817,NA,NA,NA,NA,NA,863_0,NA,NA,1,NA,NA,NA,NA
TOBG_NP-1052.fna,76.48374577948269,NA,NA,NA,NA,NA,864_0,NA,NA,1,NA,NA,NA,NA
TOBG_SP-293.fna,76.87282161382555,NA,NA,NA,NA,NA,865_0,NA,NA,1,NA,NA,NA,NA
TOBG_NAT-145.fna,92.34925626651568,NA,NA,NA,NA,NA,866_0,NA,NA,1,NA,NA,NA,NA
TOBG_NP-1046.fna,68.97954872305874,NA,NA,NA,NA,NA,867_0,NA,NA,1,NA,NA,NA,NA
TOBG_SP-13.fna,85.962508067764,NA,NA,NA,NA,NA,868_0,NA,NA,1,NA,NA,NA,NA
TOBG_MED-630.fna,73.84901716122866,NA,NA,NA,NA,NA,869_0,NA,NA,1,NA,NA,NA,NA
TOBG_NP-17.fna,84.32108768751574,NA,NA,NA,NA,NA,870_0,NA,NA,1,NA,NA,NA,NA
TOBG_MED-748.fna,73.05470282840002,NA,NA,NA,NA,NA,871_0,NA,NA,1,NA,NA,NA,NA
TOBG_SP-335.fna,68.17539307721216,NA,NA,NA,NA,NA,872_1,NA,NA,2,99.74,99.74,NA,NA
TOBG_MED-641.fna,81.44672716520101,NA,NA,NA,NA,NA,873_0,NA,NA,1,NA,NA,NA,NA
TOBG_SAT-201.fna,73.84693498867148,NA,NA,NA,NA,NA,874_1,NA,NA,2,98.00,98.00,NA,NA
TOBG_MED-1153.fna,56.01318841508692,NA,NA,NA,NA,NA,875_0,NA,NA,1,NA,NA,NA,NA
TOBG_MED-827.fna,58.020377810875104,NA,NA,NA,NA,NA,876_0,NA,NA,1,NA,NA,NA,NA
TOBG_MED-965.fna,58.04119646891323,NA,NA,NA,NA,NA,877_0,NA,NA,1,NA,NA,NA,NA
TOBG_SP-299.fna,90.73602839112375,NA,NA,NA,NA,NA,878_0,NA,NA,1,NA,NA,NA,NA
TOBG_CPC-305.fna,56.50184304478321,NA,NA,NA,NA,NA,879_0,NA,NA,1,NA,NA,NA,NA
TOBG_SP-94.fna,62.48096783545814,NA,NA,NA,NA,NA,880_0,NA,NA,1,NA,NA,NA,NA
TOBG_NP-1070.fna,71.43705194462909,NA,NA,NA,NA,NA,881_1,NA,NA,1,NA,NA,NA,NA
TOBG_SP-2975.fna,51.05827788267671,NA,NA,NA,NA,NA,881_2,NA,NA,1,NA,NA,NA,NA
TOBG_MED-1094.fna,57.885974590377046,NA,NA,NA,NA,NA,882_0,NA,NA,1,NA,NA,NA,NA
TOBG_SP-156.fna,89.68118217979662,NA,NA,NA,NA,NA,883_1,NA,NA,2,95.44,95.44,NA,NA
TOBG_MED-803.fna,68.8076795380335,NA,NA,NA,NA,NA,883_2,NA,NA,1,NA,NA,NA,NA
TOBG_MED-834.fna,63.341976393133294,NA,NA,NA,NA,NA,884_0,NA,NA,1,NA,NA,NA,NA
TOBG_MED-756.fna,79.3498648093423,NA,NA,NA,NA,NA,885_0,NA,NA,1,NA,NA,NA,NA
TOBG_MED-629.fna,72.7328905756275,NA,NA,NA,NA,NA,886_1,NA,NA,1,NA,NA,NA,NA
TOBG_NP-53.fna,76.41846705894513,NA,NA,NA,NA,NA,886_2,NA,NA,1,NA,NA,NA,NA
TOBG_SAT-155.fna,97.64904931447228,NA,NA,NA,NA,NA,887_0,NA,NA,1,NA,NA,NA,NA
TOBG_CPC-289.fna,61.75351404514417,NA,NA,NA,NA,NA,888_0,NA,NA,1,NA,NA,NA,NA
TOBG_MED-1116.fna,82.34885436029592,NA,NA,NA,NA,NA,889_0,NA,NA,1,NA,NA,NA,NA
TOBG_SP-27.fna,91.4256069928812,NA,NA,NA,NA,NA,890_0,NA,NA,1,NA,NA,NA,NA
TOBG_MED-689.fna,69.38781867907136,NA,NA,NA,NA,NA,891_0,NA,NA,1,NA,NA,NA,NA
TOBG_MED-715.fna,90.33971988841384,NA,NA,NA,NA,NA,892_0,NA,NA,1,NA,NA,NA,NA
TOBG_MED-1155.fna,49.036951927995865,NA,NA,NA,NA,NA,893_0,NA,NA,1,NA,NA,NA,NA
TOBG_SP-337.fna,90.67325353841652,NA,NA,NA,NA,NA,894_0,NA,NA,1,NA,NA,NA,NA
TOBG_SP-486.fna,78.69687016969173,NA,NA,NA,NA,NA,895_0,NA,NA,1,NA,NA,NA,NA
TOBG_MED-667.fna,73.72994424861187,NA,NA,NA,NA,NA,896_0,NA,NA,1,NA,NA,NA,NA
TOBG_SP-38.fna,76.65675795219153,NA,NA,NA,NA,NA,897_0,NA,NA,1,NA,NA,NA,NA
TOBG_NP-23.fna,85.54618595709972,NA,NA,NA,NA,NA,898_1,NA,NA,2,99.96,99.96,NA,NA
TOBG_MED-861.fna,66.80026214405618,NA,NA,NA,NA,NA,899_0,NA,NA,1,NA,NA,NA,NA
TOBG_NP-32.fna,96.33967403460336,NA,NA,NA,NA,NA,900_0,NA,NA,1,NA,NA,NA,NA
TOBG_CPC-31.fna,86.46737588685752,NA,NA,NA,NA,NA,901_0,NA,NA,1,NA,NA,NA,NA
TOBG_SAT-87.fna,85.00299172267421,NA,NA,NA,NA,NA,902_0,NA,NA,1,NA,NA,NA,NA
TOBG_NP-99.fna,93.08720787654096,NA,NA,NA,NA,NA,903_0,NA,NA,1,NA,NA,NA,NA
TOBG_RS-376.fna,73.99138357850386,NA,NA,NA,NA,NA,904_1,NA,NA,2,99.38,99.38,NA,NA
TOBG_EAC-662.fna,68.31831321051673,NA,NA,NA,NA,NA,905_1,NA,NA,2,98.64,98.64,NA,NA
TOBG_SP-115.fna,81.05743300429741,NA,NA,NA,NA,NA,906_0,NA,NA,1,NA,NA,NA,NA
TOBG_NAT-66.fna,80.76362444926241,NA,NA,NA,NA,NA,907_1,NA,NA,2,98.41,98.41,NA,NA
TOBG_MED-674.fna,73.74606195922452,NA,NA,NA,NA,NA,908_0,NA,NA,1,NA,NA,NA,NA
TOBG_MED-616.fna,71.79461975124524,NA,NA,NA,NA,NA,909_1,NA,NA,2,95.74,95.74,NA,NA
TOBG_MED-1227.fna,50.5051170160938,NA,NA,NA,NA,NA,910_0,NA,NA,1,NA,NA,NA,NA
TOBG_MED-585.fna,69.27834699565621,NA,NA,NA,NA,NA,911_0,NA,NA,1,NA,NA,NA,NA
TOBG_MED-617.fna,73.21229659087048,NA,NA,NA,NA,NA,912_0,NA,NA,1,NA,NA,NA,NA
TOBG_MED-657.fna,93.05909701354648,NA,NA,NA,NA,NA,913_0,NA,NA,1,NA,NA,NA,NA
TOBG_SAT-1403.fna,41.22843536820025,NA,NA,NA,NA,NA,914_0,NA,NA,1,NA,NA,NA,NA
TOBG_SP-123.fna,100.41007730587567,NA,NA,NA,NA,NA,915_1,NA,NA,3,99.87,99.71,NA,NA
TOBG_EAC-21.fna,84.87027886331767,NA,NA,NA,NA,NA,915_2,NA,NA,1,NA,NA,NA,NA
TOBG_SAT-60.fna,79.2034858417468,NA,NA,NA,NA,NA,916_0,NA,NA,1,NA,NA,NA,NA
TOBG_ARS-1434.fna,76.57695688754508,NA,NA,NA,NA,NA,917_0,NA,NA,1,NA,NA,NA,NA
TOBG_MED-620.fna,83.76115041954225,NA,NA,NA,NA,NA,918_0,NA,NA,1,NA,NA,NA,NA
TOBG_MED-797.fna,60.08329052664266,NA,NA,NA,NA,NA,919_0,NA,NA,1,NA,NA,NA,NA
TOBG_SAT-2755.fna,86.60685367770496,NA,NA,NA,NA,NA,920_0,NA,NA,1,NA,NA,NA,NA
TOBG_SP-101.fna,65.57340804885445,NA,NA,NA,NA,NA,921_0,NA,NA,1,NA,NA,NA,NA
TOBG_SP-18.fna,85.89920932091482,NA,NA,NA,NA,NA,922_0,NA,NA,1,NA,NA,NA,NA
TOBG_NAT-72.fna,75.39689288385986,NA,NA,NA,NA,NA,923_0,NA,NA,1,NA,NA,NA,NA
TOBG_SP-285.fna,65.33678878605355,NA,NA,NA,NA,NA,924_0,NA,NA,1,NA,NA,NA,NA
TOBG_EAC-13.fna,86.43752695683989,NA,NA,NA,NA,NA,925_0,NA,NA,1,NA,NA,NA,NA
TOBG_SP-4027.fna,43.15007014135036,NA,NA,NA,NA,NA,926_0,NA,NA,1,NA,NA,NA,NA
TOBG_ARS-28.fna,77.46426425638708,NA,NA,NA,NA,NA,927_1,NA,NA,2,99.14,99.14,NA,NA
TOBG_SAT-10.fna,80.73542109340973,NA,NA,NA,NA,NA,927_2,NA,NA,4,97.97,97.01,NA,NA
TOBG_NP-101.fna,80.25548072667746,NA,NA,NA,NA,NA,928_0,NA,NA,1,NA,NA,NA,NA
TOBG_SP-81.fna,86.78398364647782,NA,NA,NA,NA,NA,929_0,NA,NA,1,NA,NA,NA,NA
TOBG_MED-716.fna,95.07593871987312,NA,NA,NA,NA,NA,930_0,NA,NA,1,NA,NA,NA,NA
TOBG_MED-1261.fna,59.85203886923406,NA,NA,NA,NA,NA,931_0,NA,NA,1,NA,NA,NA,NA
TOBG_SP-3029.fna,39.76003972113076,NA,NA,NA,NA,NA,932_0,NA,NA,1,NA,NA,NA,NA
TOBG_SP-289.fna,63.93258160975304,NA,NA,NA,NA,NA,933_0,NA,NA,1,NA,NA,NA,NA
TOBG_CPC-1399.fna,53.75104873423449,NA,NA,NA,NA,NA,934_0,NA,NA,1,NA,NA,NA,NA
TOBG_NAT-686.fna,57.74074393229032,NA,NA,NA,NA,NA,935_0,NA,NA,1,NA,NA,NA,NA
TOBG_NAT-259.fna,71.19199131827266,NA,NA,NA,NA,NA,936_1,NA,NA,2,96.30,96.30,NA,NA
TOBG_MED-828.fna,52.46083178467044,NA,NA,NA,NA,NA,937_0,NA,NA,1,NA,NA,NA,NA
TOBG_SAT-17.fna,52.39240316186231,NA,NA,NA,NA,NA,938_0,NA,NA,1,NA,NA,NA,NA
TOBG_SP-362.fna,82.72833542718004,NA,NA,NA,NA,NA,939_0,NA,NA,1,NA,NA,NA,NA
TOBG_SAT-137.fna,77.95966598566045,NA,NA,NA,NA,NA,940_0,NA,NA,1,NA,NA,NA,NA
TOBG_MED-809.fna,41.6336061872342,NA,NA,NA,NA,NA,941_0,NA,NA,1,NA,NA,NA,NA
TOBG_NAT-237.fna,44.75126872635121,NA,NA,NA,NA,NA,942_0,NA,NA,1,NA,NA,NA,NA
TOBG_MED-765.fna,95.0927967740774,NA,NA,NA,NA,NA,943_0,NA,NA,1,NA,NA,NA,NA
TOBG_SAT-197.fna,71.08771724055471,NA,NA,NA,NA,NA,944_0,NA,NA,1,NA,NA,NA,NA
TOBG_NP-945.fna,44.9696821388675,NA,NA,NA,NA,NA,945_0,NA,NA,1,NA,NA,NA,NA
TOBG_NP-120.fna,101.60861557373958,NA,NA,NA,NA,NA,946_1,NA,NA,2,99.98,99.98,NA,NA
TOBG_NP-47.fna,93.50192558443172,NA,NA,NA,NA,NA,947_0,NA,NA,1,NA,NA,NA,NA
TOBG_SP-332.fna,71.86020494192364,NA,NA,NA,NA,NA,948_0,NA,NA,1,NA,NA,NA,NA
TOBG_SP-250.fna,73.12409765637894,NA,NA,NA,NA,NA,949_0,NA,NA,1,NA,NA,NA,NA
TOBG_SP-330.fna,89.24553258810347,NA,NA,NA,NA,NA,950_0,NA,NA,1,NA,NA,NA,NA
TOBG_NAT-197.fna,47.03421045006736,NA,NA,NA,NA,NA,951_0,NA,NA,1,NA,NA,NA,NA
TOBG_MED-792.fna,52.2491359476976,NA,NA,NA,NA,NA,952_0,NA,NA,1,NA,NA,NA,NA
TOBG_SP-22.fna,74.4942093591986,NA,NA,NA,NA,NA,953_0,NA,NA,1,NA,NA,NA,NA
TOBG_NP-150.fna,51.4048761400012,NA,NA,NA,NA,NA,954_0,NA,NA,1,NA,NA,NA,NA
TOBG_RS-373.fna,75.42632619770016,NA,NA,NA,NA,NA,955_0,NA,NA,1,NA,NA,NA,NA
TOBG_IN-10.fna,102.55556046930016,NA,NA,NA,NA,NA,956_1,NA,NA,3,99.99,99.98,NA,NA
TOBG_CPC-79.fna,73.49494582259163,NA,NA,NA,NA,NA,957_0,NA,NA,1,NA,NA,NA,NA
TOBG_EAC-52.fna,99.76381502288604,NA,NA,NA,NA,NA,958_0,NA,NA,1,NA,NA,NA,NA
TOBG_SP-154.fna,101.16705904954576,NA,NA,NA,NA,NA,959_0,NA,NA,1,NA,NA,NA,NA
TOBG_SP-360.fna,69.97155060414063,NA,NA,NA,NA,NA,960_0,NA,NA,1,NA,NA,NA,NA
TOBG_EAC-32.fna,82.11899499238703,NA,NA,NA,NA,NA,961_0,NA,NA,1,NA,NA,NA,NA
TOBG_SP-201.fna,87.05414691392964,NA,NA,NA,NA,NA,962_0,NA,NA,1,NA,NA,NA,NA
TOBG_SP-189.fna,66.90710827216617,NA,NA,NA,NA,NA,963_0,NA,NA,1,NA,NA,NA,NA
TOBG_SP-3.fna,101.59842498924608,NA,NA,NA,NA,NA,964_0,NA,NA,1,NA,NA,NA,NA
TOBG_SP-8.fna,79.52647149509278,NA,NA,NA,NA,NA,965_0,NA,NA,1,NA,NA,NA,NA
TOBG_ARS-67.fna,78.73521000115444,NA,NA,NA,NA,NA,966_0,NA,NA,1,NA,NA,NA,NA
TOBG_NAT-102.fna,69.41457685539639,NA,NA,NA,NA,NA,967_0,NA,NA,1,NA,NA,NA,NA
TOBG_ARS-102.fna,85.45574348058354,NA,NA,NA,NA,NA,968_0,NA,NA,1,NA,NA,NA,NA
TOBG_SAT-1401.fna,53.18121302620298,NA,NA,NA,NA,NA,969_0,NA,NA,1,NA,NA,NA,NA
TOBG_SP-21.fna,75.14426087637764,NA,NA,NA,NA,NA,970_0,NA,NA,1,NA,NA,NA,NA
TOBG_SP-2999.fna,69.53245300224086,NA,NA,NA,NA,NA,971_0,NA,NA,1,NA,NA,NA,NA
TOBG_NAT-182.fna,79.59869087663353,NA,NA,NA,NA,NA,972_0,NA,NA,1,NA,NA,NA,NA
TOBG_SAT-2766.fna,77.05208265531085,NA,NA,NA,NA,NA,973_0,NA,NA,1,NA,NA,NA,NA
TOBG_SP-157.fna,83.49646212003668,NA,NA,NA,NA,NA,974_0,NA,NA,1,NA,NA,NA,NA
TOBG_MED-768.fna,68.34458730987686,NA,NA,NA,NA,NA,975_0,NA,NA,1,NA,NA,NA,NA
TOBG_MED-820.fna,52.141396680178566,NA,NA,NA,NA,NA,976_0,NA,NA,1,NA,NA,NA,NA
TOBG_MED-582.fna,70.9917365908106,NA,NA,NA,NA,NA,977_0,NA,NA,1,NA,NA,NA,NA
TOBG_MED-729.fna,65.22140649140647,NA,NA,NA,NA,NA,978_0,NA,NA,1,NA,NA,NA,NA
TOBG_SP-3055.fna,51.59041029088517,NA,NA,NA,NA,NA,979_0,NA,NA,1,NA,NA,NA,NA
TOBG_NP-100.fna,97.44044438096095,NA,NA,NA,NA,NA,980_0,NA,NA,1,NA,NA,NA,NA
TOBG_MED-635.fna,74.5908691400012,NA,NA,NA,NA,NA,981_1,NA,NA,2,98.60,98.60,NA,NA
TOBG_CPC-23.fna,81.23600400391936,NA,NA,NA,NA,NA,982_0,NA,NA,1,NA,NA,NA,NA
TOBG_ARS-45.fna,75.2150257088796,NA,NA,NA,NA,NA,983_0,NA,NA,1,NA,NA,NA,NA
TOBG_SAT-180.fna,80.5390865853251,NA,NA,NA,NA,NA,984_0,NA,NA,1,NA,NA,NA,NA
TOBG_SAT-195.fna,81.9826195474408,NA,NA,NA,NA,NA,985_1,NA,NA,2,99.94,99.94,NA,NA
TOBG_ARS-93.fna,91.1777731281124,NA,NA,NA,NA,NA,986_0,NA,NA,1,NA,NA,NA,NA
TOBG_ARS-71.fna,88.0185448939882,NA,NA,NA,NA,NA,987_0,NA,NA,1,NA,NA,NA,NA
TOBG_EAC-29.fna,69.1270688528506,NA,NA,NA,NA,NA,988_0,NA,NA,1,NA,NA,NA,NA
TOBG_MED-597.fna,75.39045983135468,NA,NA,NA,NA,NA,989_0,NA,NA,1,NA,NA,NA,NA
TOBG_SAT-2911.fna,91.16883439839737,NA,NA,NA,NA,NA,990_0,NA,NA,1,NA,NA,NA,NA
TOBG_SP-4220.fna,84.74573011575387,NA,NA,NA,NA,NA,991_0,NA,NA,1,NA,NA,NA,NA
TOBG_ARS-1358.fna,81.87097151103508,NA,NA,NA,NA,NA,992_0,NA,NA,1,NA,NA,NA,NA
TOBG_MED-1017.fna,54.78392599065779,NA,NA,NA,NA,NA,993_0,NA,NA,1,NA,NA,NA,NA
TOBG_MED-880.fna,60.74996335878355,NA,NA,NA,NA,NA,994_0,NA,NA,1,NA,NA,NA,NA
